"WOZ-objecten naar waardeklasse; 1997 - 2011"
""
"";"";"";"";"Perioden"
"Waardeklasse WOZ-objecten";"Regio's";"Onderwerp";"";"1997";"1998";"1999";"2000";"2001";"2002";"2003";"2004";"2005";"2006";"2007";"2008";"2009";"2010*";"2011*"
"Totaal";"Noord-Nederland (LD)";"Totaal WOZ-objecten";"aantal";"785436";"800805";"814959";"827460";"833143";"842262";"847934";"852759";"857275";"862002";"869111";"877002";"884871";"889234";"894642"
"Totaal";"Noord-Nederland (LD)";"WOZ-objecten woningen";"aantal";"649698";"659919";"668356";"675103";"681632";"686739";"690079";"694649";"702148";"706859";"714246";"720257";"726026";"729186";"731000"
"Totaal";"Noord-Nederland (LD)";"Recreatiewoningen en overige woningen";"aantal";"35112";"41102";"42390";"42983";"47165";"49365";"50104";"50939";"50565";"50866";"50753";"51099";"50957";"51116";"52189"
"Totaal";"Noord-Nederland (LD)";"Niet-woningen; gedeeltelijk bewoond";"aantal";"28698";"28711";"29252";"29147";"27236";"26938";"26451";"26043";"23923";"22567";"21665";"20129";"19624";"19041";"19716"
"Totaal";"Noord-Nederland (LD)";"Niet-woningen; niet bewoond";"aantal";"71928";"71073";"74961";"80227";"77110";"79220";"81300";"81128";"80639";"81710";"82447";"85517";"88264";"89891";"91737"
"Totaal";"Oost-Nederland (LD)";"Totaal WOZ-objecten";"aantal";"1422284";"1457571";"1501588";"1526313";"1547258";"1566113";"1587271";"1603681";"1614702";"1630327";"1645244";"1662788";"1682195";"1695559";"1709704"
"Totaal";"Oost-Nederland (LD)";"WOZ-objecten woningen";"aantal";"1198568";"1225084";"1250483";"1275845";"1296620";"1311995";"1326273";"1339875";"1356944";"1369907";"1385707";"1401386";"1416701";"1426858";"1438146"
"Totaal";"Oost-Nederland (LD)";"Recreatiewoningen en overige woningen";"aantal";"49016";"55285";"60132";"58548";"61825";"63771";"65029";"66599";"67865";"71874";"72127";"73902";"74457";"75054";"75587"
"Totaal";"Oost-Nederland (LD)";"Niet-woningen; gedeeltelijk bewoond";"aantal";"52254";"49589";"49057";"48609";"42213";"41876";"41097";"40318";"36097";"35309";"32193";"29681";"29564";"29304";"28731"
"Totaal";"Oost-Nederland (LD)";"Niet-woningen; niet bewoond";"aantal";"122446";"127613";"141916";"143311";"146600";"148471";"154872";"156889";"153796";"153237";"155217";"157819";"161473";"164343";"167240"
"Totaal";"West-Nederland (LD)";"Totaal WOZ-objecten";"aantal";"3564180";"3627041";"3681121";"3733273";"3773112";"3805104";"3830971";"3856313";"3879002";"3909246";"3941116";"3977261";"4008092";"4027384";"4062728"
"Totaal";"West-Nederland (LD)";"WOZ-objecten woningen";"aantal";"3049198";"3095239";"3140984";"3177870";"3222904";"3249875";"3280226";"3303492";"3334538";"3362366";"3397699";"3430247";"3462848";"3476778";"3505934"
"Totaal";"West-Nederland (LD)";"Recreatiewoningen en overige woningen";"aantal";"144916";"164702";"176921";"183861";"185598";"188367";"188868";"190624";"191985";"194384";"194854";"196658";"195630";"197899";"198372"
"Totaal";"West-Nederland (LD)";"Niet-woningen; gedeeltelijk bewoond";"aantal";"42575";"44666";"44088";"42689";"37661";"37203";"36206";"35654";"31925";"30932";"25383";"22737";"20522";"21517";"19960"
"Totaal";"West-Nederland (LD)";"Niet-woningen; niet bewoond";"aantal";"327491";"322434";"319128";"328853";"326949";"329659";"325671";"326543";"320554";"321564";"323180";"327619";"329092";"331190";"338462"
"Totaal";"Zuid-Nederland (LD)";"Totaal WOZ-objecten";"aantal";"1547230";"1581663";"1609840";"1632973";"1657666";"1675254";"1683952";"1696668";"1714394";"1729612";"1747396";"1760309";"1780789";"1789823";"1808865"
"Totaal";"Zuid-Nederland (LD)";"WOZ-objecten woningen";"aantal";"1318927";"1343998";"1365509";"1392092";"1406679";"1408904";"1418978";"1427015";"1442767";"1459692";"1478426";"1491846";"1507795";"1516215";"1529287"
"Totaal";"Zuid-Nederland (LD)";"Recreatiewoningen en overige woningen";"aantal";"58660";"64478";"72113";"65364";"78337";"87551";"87696";"88125";"90077";"89502";"90323";"90999";"90719";"90540";"92155"
"Totaal";"Zuid-Nederland (LD)";"Niet-woningen; gedeeltelijk bewoond";"aantal";"48312";"47778";"46644";"46003";"40978";"40539";"39361";"38401";"34277";"33231";"29433";"24816";"25780";"24860";"25080"
"Totaal";"Zuid-Nederland (LD)";"Niet-woningen; niet bewoond";"aantal";"121331";"125409";"125574";"129514";"131672";"138260";"137917";"143127";"147273";"147187";"149214";"152648";"156495";"158208";"162343"
"Totaal";"Leeuwarden (SG)";"Totaal WOZ-objecten";"aantal";"";"";"";"76379";"76638";"77806";"78609";"79227";"80417";"81138";"82799";"84030";"84717";"85579";"86305"
"Totaal";"Leeuwarden (SG)";"WOZ-objecten woningen";"aantal";"";"";"";"65513";"66058";"66912";"67327";"67762";"69214";"69890";"70857";"71662";"72176";"72385";"72689"
"Totaal";"Leeuwarden (SG)";"Recreatiewoningen en overige woningen";"aantal";"";"";"";"3464";"3219";"3172";"3292";"3309";"3327";"3354";"3355";"3513";"3521";"3576";"3596"
"Totaal";"Leeuwarden (SG)";"Niet-woningen; gedeeltelijk bewoond";"aantal";"";"";"";"1936";"1653";"1611";"1552";"1574";"1133";"923";"1208";"1178";"1161";"1166";"1164"
"Totaal";"Leeuwarden (SG)";"Niet-woningen; niet bewoond";"aantal";"";"";"";"5466";"5708";"6111";"6438";"6582";"6743";"6971";"7379";"7677";"7859";"8452";"8856"
"Totaal";"Maastricht (SG)";"Totaal WOZ-objecten";"aantal";"";"";"";"91187";"91772";"93200";"93324";"93619";"94430";"94088";"95216";"95386";"96160";"96487";"96502"
"Totaal";"Maastricht (SG)";"WOZ-objecten woningen";"aantal";"";"";"";"78608";"79099";"79552";"79930";"80207";"80728";"81339";"82188";"82452";"83062";"83364";"83742"
"Totaal";"Maastricht (SG)";"Recreatiewoningen en overige woningen";"aantal";"";"";"";"4956";"5067";"5055";"4710";"4517";"4572";"4568";"4499";"4436";"4482";"4457";"4186"
"Totaal";"Maastricht (SG)";"Niet-woningen; gedeeltelijk bewoond";"aantal";"";"";"";"1991";"1817";"1812";"1792";"1531";"1408";"1234";"1098";"1048";"1027";"1072";"1061"
"Totaal";"Maastricht (SG)";"Niet-woningen; niet bewoond";"aantal";"";"";"";"5632";"5789";"6781";"6892";"7364";"7722";"6947";"7431";"7450";"7589";"7594";"7513"
"Totaal";"Leeuwarden (GA)";"Totaal WOZ-objecten";"aantal";"";"";"";"47605";"47478";"48178";"48639";"49108";"50414";"51090";"52130";"52822";"53277";"53736";"54086"
"Totaal";"Leeuwarden (GA)";"WOZ-objecten woningen";"aantal";"";"";"";"40974";"41003";"41595";"41793";"42154";"43330";"43815";"44636";"45154";"45565";"45633";"45830"
"Totaal";"Leeuwarden (GA)";"Recreatiewoningen en overige woningen";"aantal";"";"";"";"2587";"2327";"2326";"2435";"2457";"2458";"2477";"2381";"2461";"2428";"2438";"2453"
"Totaal";"Leeuwarden (GA)";"Niet-woningen; gedeeltelijk bewoond";"aantal";"";"";"";"577";"542";"492";"434";"456";"365";"344";"310";"295";"287";"292";"282"
"Totaal";"Leeuwarden (GA)";"Niet-woningen; niet bewoond";"aantal";"";"";"";"3467";"3606";"3765";"3977";"4041";"4261";"4454";"4803";"4912";"4997";"5373";"5521"
"Totaal";"Maastricht (GA)";"Totaal WOZ-objecten";"aantal";"";"";"";"63298";"63736";"64125";"64076";"64597";"64852";"65049";"65558";"65616";"65898";"66100";"65875"
"Totaal";"Maastricht (GA)";"WOZ-objecten woningen";"aantal";"";"";"";"54069";"54391";"54731";"55010";"55131";"55407";"55606";"56150";"56302";"56600";"56801";"57039"
"Totaal";"Maastricht (GA)";"Recreatiewoningen en overige woningen";"aantal";"";"";"";"4492";"4565";"4553";"4206";"4023";"4078";"4066";"4021";"3977";"4027";"3979";"3720"
"Totaal";"Maastricht (GA)";"Niet-woningen; gedeeltelijk bewoond";"aantal";"";"";"";"967";"930";"923";"908";"641";"608";"595";"567";"526";"516";"508";"498"
"Totaal";"Maastricht (GA)";"Niet-woningen; niet bewoond";"aantal";"";"";"";"3770";"3850";"3918";"3952";"4802";"4759";"4782";"4820";"4811";"4755";"4812";"4618"
"Minder dan 50 000 euro";"Noord-Nederland (LD)";"Totaal WOZ-objecten";"aantal";"366601";"367712";"369090";"367966";"148763";"150139";"148458";"148485";"71314";"71925";"68638";"68659";"68987";"67927";"67970"
"Minder dan 50 000 euro";"Noord-Nederland (LD)";"WOZ-objecten woningen";"aantal";"297747";"297581";"297687";"295908";"85199";"84197";"81762";"80994";"8458";"8271";"5449";"4536";"4252";"3504";"3178"
"Minder dan 50 000 euro";"Noord-Nederland (LD)";"Recreatiewoningen en overige woningen";"aantal";"26905";"31484";"32622";"32845";"32112";"33995";"34100";"34363";"32662";"32498";"31631";"31036";"30802";"30807";"30487"
"Minder dan 50 000 euro";"Noord-Nederland (LD)";"Niet-woningen; gedeeltelijk bewoond";"aantal";"3782";"3653";"3784";"3695";"1119";"1096";"1058";"1030";"873";"877";"720";"660";"654";"603";"526"
"Minder dan 50 000 euro";"Noord-Nederland (LD)";"Niet-woningen; niet bewoond";"aantal";"38167";"34994";"34997";"35518";"30333";"30851";"31538";"32098";"29321";"30279";"30838";"32427";"33279";"33013";"33779"
"Minder dan 50 000 euro";"Oost-Nederland (LD)";"Totaal WOZ-objecten";"aantal";"375807";"378195";"380793";"383367";"141835";"144808";"149952";"151933";"110105";"111529";"109930";"108478";"110886";"106409";"108257"
"Minder dan 50 000 euro";"Oost-Nederland (LD)";"WOZ-objecten woningen";"aantal";"273165";"273370";"274878";"279013";"46233";"45197";"45086";"44758";"10836";"11341";"9359";"7105";"8135";"5510";"5635"
"Minder dan 50 000 euro";"Oost-Nederland (LD)";"Recreatiewoningen en overige woningen";"aantal";"40555";"48253";"49032";"48205";"47151";"49181";"49870";"50848";"48638";"51732";"50907";"51669";"52131";"51867";"52507"
"Minder dan 50 000 euro";"Oost-Nederland (LD)";"Niet-woningen; gedeeltelijk bewoond";"aantal";"6422";"3357";"2883";"2853";"1234";"1385";"1396";"1121";"774";"775";"660";"618";"655";"422";"524"
"Minder dan 50 000 euro";"Oost-Nederland (LD)";"Niet-woningen; niet bewoond";"aantal";"55665";"53215";"54000";"53296";"47217";"49045";"53600";"55206";"49857";"47681";"49004";"49086";"49965";"48610";"49591"
"Minder dan 50 000 euro";"West-Nederland (LD)";"Totaal WOZ-objecten";"aantal";"1141725";"1158890";"1158892";"1162351";"430915";"440364";"439739";"437351";"262392";"264570";"257708";"250816";"245559";"238089";"244027"
"Minder dan 50 000 euro";"West-Nederland (LD)";"WOZ-objecten woningen";"aantal";"873104";"882966";"882092";"882123";"192898";"190567";"191473";"188353";"34271";"34996";"33937";"28994";"24630";"22419";"22060"
"Minder dan 50 000 euro";"West-Nederland (LD)";"Recreatiewoningen en overige woningen";"aantal";"123347";"141042";"151234";"155533";"152035";"154445";"153961";"155244";"151634";"153438";"152646";"152391";"152513";"152416";"153979"
"Minder dan 50 000 euro";"West-Nederland (LD)";"Niet-woningen; gedeeltelijk bewoond";"aantal";"4155";"4177";"3982";"3848";"1900";"2041";"1955";"2017";"1291";"1217";"756";"677";"559";"422";"448"
"Minder dan 50 000 euro";"West-Nederland (LD)";"Niet-woningen; niet bewoond";"aantal";"141119";"130705";"121584";"120847";"84082";"93311";"92350";"91737";"75196";"74919";"70369";"68754";"67857";"62832";"67540"
"Minder dan 50 000 euro";"Zuid-Nederland (LD)";"Totaal WOZ-objecten";"aantal";"360751";"364867";"368568";"372455";"133557";"136442";"137947";"140371";"120569";"121244";"120761";"120144";"121909";"118378";"123263"
"Minder dan 50 000 euro";"Zuid-Nederland (LD)";"WOZ-objecten woningen";"aantal";"258132";"259681";"260887";"270639";"35265";"26928";"26836";"26254";"8106";"8877";"8232";"7334";"8621";"7593";"8357"
"Minder dan 50 000 euro";"Zuid-Nederland (LD)";"Recreatiewoningen en overige woningen";"aantal";"53208";"59104";"67034";"60109";"64301";"73018";"72930";"73254";"72799";"72369";"72755";"72719";"72748";"71649";"73310"
"Minder dan 50 000 euro";"Zuid-Nederland (LD)";"Niet-woningen; gedeeltelijk bewoond";"aantal";"2503";"2378";"2428";"2302";"1056";"1139";"1147";"1153";"772";"786";"652";"568";"533";"523";"483"
"Minder dan 50 000 euro";"Zuid-Nederland (LD)";"Niet-woningen; niet bewoond";"aantal";"46908";"43704";"38219";"39405";"32935";"35357";"37034";"39710";"38892";"39212";"39122";"39523";"40007";"38613";"41113"
"Minder dan 50 000 euro";"Leeuwarden (SG)";"Totaal WOZ-objecten";"aantal";"";"";"";"43307";"21703";"21853";"21804";"21738";"6149";"6450";"6413";"6367";"6227";"6705";"6912"
"Minder dan 50 000 euro";"Leeuwarden (SG)";"WOZ-objecten woningen";"aantal";"";"";"";"37991";"16973";"17061";"16814";"16754";"1232";"1311";"1041";"695";"586";"567";"442"
"Minder dan 50 000 euro";"Leeuwarden (SG)";"Recreatiewoningen en overige woningen";"aantal";"";"";"";"2840";"2670";"2626";"2696";"2682";"2677";"2732";"2868";"3034";"3002";"3054";"3077"
"Minder dan 50 000 euro";"Leeuwarden (SG)";"Niet-woningen; gedeeltelijk bewoond";"aantal";"";"";"";"301";"52";"50";"44";"49";"30";"26";"5";"5";"5";"5";"6"
"Minder dan 50 000 euro";"Leeuwarden (SG)";"Niet-woningen; niet bewoond";"aantal";"";"";"";"2175";"2008";"2116";"2250";"2253";"2210";"2381";"2499";"2633";"2634";"3079";"3387"
"Minder dan 50 000 euro";"Maastricht (SG)";"Totaal WOZ-objecten";"aantal";"";"";"";"16947";"7586";"8119";"7821";"7737";"6488";"6035";"6035";"5951";"6003";"5981";"5778"
"Minder dan 50 000 euro";"Maastricht (SG)";"WOZ-objecten woningen";"aantal";"";"";"";"10666";"1748";"1710";"1726";"1711";"589";"560";"293";"293";"261";"271";"321"
"Minder dan 50 000 euro";"Maastricht (SG)";"Recreatiewoningen en overige woningen";"aantal";"";"";"";"4892";"4840";"4827";"4460";"4273";"4347";"4362";"4283";"4257";"4276";"4221";"3961"
"Minder dan 50 000 euro";"Maastricht (SG)";"Niet-woningen; gedeeltelijk bewoond";"aantal";"";"";"";"87";"36";"40";"42";"32";"22";"20";"6";"7";"5";"15";"15"
"Minder dan 50 000 euro";"Maastricht (SG)";"Niet-woningen; niet bewoond";"aantal";"";"";"";"1302";"962";"1542";"1593";"1721";"1530";"1093";"1453";"1394";"1461";"1474";"1481"
"Minder dan 50 000 euro";"Leeuwarden (GA)";"Totaal WOZ-objecten";"aantal";"";"";"";"33123";"17835";"18005";"17843";"17784";"4231";"4550";"4610";"4500";"4359";"4695";"4633"
"Minder dan 50 000 euro";"Leeuwarden (GA)";"WOZ-objecten woningen";"aantal";"";"";"";"29550";"14666";"14837";"14609";"14570";"1014";"1105";"969";"652";"555";"540";"407"
"Minder dan 50 000 euro";"Leeuwarden (GA)";"Recreatiewoningen en overige woningen";"aantal";"";"";"";"2303";"2161";"2162";"2219";"2209";"2210";"2259";"2295";"2437";"2406";"2410";"2421"
"Minder dan 50 000 euro";"Leeuwarden (GA)";"Niet-woningen; gedeeltelijk bewoond";"aantal";"";"";"";"155";"29";"26";"21";"26";"4";"4";"-";"1";"1";"1";"2"
"Minder dan 50 000 euro";"Leeuwarden (GA)";"Niet-woningen; niet bewoond";"aantal";"";"";"";"1115";"979";"980";"994";"979";"1003";"1182";"1346";"1410";"1397";"1744";"1803"
"Minder dan 50 000 euro";"Maastricht (GA)";"Totaal WOZ-objecten";"aantal";"";"";"";"13975";"6292";"6256";"5908";"5859";"5045";"5006";"4711";"4648";"4594";"4521";"4283"
"Minder dan 50 000 euro";"Maastricht (GA)";"WOZ-objecten woningen";"aantal";"";"";"";"8819";"1289";"1250";"1252";"1244";"410";"366";"162";"174";"145";"143";"168"
"Minder dan 50 000 euro";"Maastricht (GA)";"Recreatiewoningen en overige woningen";"aantal";"";"";"";"4465";"4542";"4529";"4159";"3975";"4025";"4039";"4000";"3961";"3992";"3945";"3675"
"Minder dan 50 000 euro";"Maastricht (GA)";"Niet-woningen; gedeeltelijk bewoond";"aantal";"";"";"";"30";"17";"17";"17";"2";"3";"2";"1";"1";"1";"1";"1"
"Minder dan 50 000 euro";"Maastricht (GA)";"Niet-woningen; niet bewoond";"aantal";"";"";"";"661";"444";"460";"480";"638";"607";"599";"548";"512";"456";"432";"439"
"50 000 tot 100 000 euro";"Noord-Nederland (LD)";"Totaal WOZ-objecten";"aantal";"302007";"306836";"310779";"314230";"355317";"356492";"356494";"356831";"191187";"190760";"122685";"88564";"78751";"78065";"80466"
"50 000 tot 100 000 euro";"Noord-Nederland (LD)";"WOZ-objecten woningen";"aantal";"274469";"278904";"282640";"285686";"333329";"334256";"333868";"333830";"174196";"173454";"107258";"73235";"63901";"63056";"64982"
"50 000 tot 100 000 euro";"Noord-Nederland (LD)";"Recreatiewoningen en overige woningen";"aantal";"5481";"5865";"6033";"6416";"8258";"8397";"8490";"8653";"5439";"5517";"4095";"3988";"3719";"3795";"4084"
"50 000 tot 100 000 euro";"Noord-Nederland (LD)";"Niet-woningen; gedeeltelijk bewoond";"aantal";"11490";"11170";"11104";"10865";"3828";"3626";"3469";"3300";"1112";"1089";"732";"645";"579";"534";"521"
"50 000 tot 100 000 euro";"Noord-Nederland (LD)";"Niet-woningen; niet bewoond";"aantal";"10567";"10897";"11002";"11263";"9902";"10213";"10667";"11048";"10440";"10700";"10600";"10696";"10552";"10680";"10879"
"50 000 tot 100 000 euro";"Oost-Nederland (LD)";"Totaal WOZ-objecten";"aantal";"684802";"698309";"710402";"719268";"442502";"444936";"446495";"446513";"121096";"123122";"91442";"78751";"74218";"69241";"74712"
"50 000 tot 100 000 euro";"Oost-Nederland (LD)";"WOZ-objecten woningen";"aantal";"646963";"660361";"671879";"680005";"412294";"413982";"414697";"414321";"94138";"94928";"64129";"51785";"47539";"43606";"47560"
"50 000 tot 100 000 euro";"Oost-Nederland (LD)";"Recreatiewoningen en overige woningen";"aantal";"6094";"5098";"5272";"5628";"8667";"8680";"9046";"9301";"7256";"7862";"8019";"7855";"7719";"7244";"8083"
"50 000 tot 100 000 euro";"Oost-Nederland (LD)";"Niet-woningen; gedeeltelijk bewoond";"aantal";"12280";"12063";"11823";"11601";"2416";"2454";"2362";"2288";"949";"913";"672";"589";"618";"480";"491"
"50 000 tot 100 000 euro";"Oost-Nederland (LD)";"Niet-woningen; niet bewoond";"aantal";"19465";"20787";"21428";"22034";"19125";"19820";"20390";"20603";"18753";"19419";"18622";"18522";"18342";"17911";"18578"
"50 000 tot 100 000 euro";"West-Nederland (LD)";"Totaal WOZ-objecten";"aantal";"1568631";"1583229";"1604728";"1623581";"1130485";"1132402";"1132416";"1129071";"394843";"393824";"302009";"253144";"226297";"213176";"231041"
"50 000 tot 100 000 euro";"West-Nederland (LD)";"WOZ-objecten woningen";"aantal";"1492188";"1505481";"1525113";"1541329";"1062928";"1062786";"1062136";"1058391";"336807";"335359";"247589";"199901";"175260";"164268";"179553"
"50 000 tot 100 000 euro";"West-Nederland (LD)";"Recreatiewoningen en overige woningen";"aantal";"14474";"13909";"14944";"16440";"16365";"16852";"17130";"17009";"12756";"13077";"11567";"11515";"11016";"11030";"11459"
"50 000 tot 100 000 euro";"West-Nederland (LD)";"Niet-woningen; gedeeltelijk bewoond";"aantal";"10001";"10578";"10340";"10066";"3362";"3332";"3184";"3061";"1242";"1138";"650";"646";"535";"467";"414"
"50 000 tot 100 000 euro";"West-Nederland (LD)";"Niet-woningen; niet bewoond";"aantal";"51968";"53261";"54331";"55746";"47830";"49432";"49966";"50610";"44038";"44250";"42203";"41082";"39486";"37411";"39615"
"50 000 tot 100 000 euro";"Zuid-Nederland (LD)";"Totaal WOZ-objecten";"aantal";"750056";"760906";"769992";"777252";"394192";"396157";"395510";"394527";"120253";"121618";"90223";"83128";"79353";"75767";"85600"
"50 000 tot 100 000 euro";"Zuid-Nederland (LD)";"WOZ-objecten woningen";"aantal";"717414";"727613";"736793";"743410";"365103";"366218";"365288";"363423";"96660";"98287";"68240";"60994";"57680";"54739";"63782"
"50 000 tot 100 000 euro";"Zuid-Nederland (LD)";"Recreatiewoningen en overige woningen";"aantal";"4332";"4143";"3762";"4037";"9055";"9179";"9262";"9274";"5467";"5081";"4761";"4959";"4831";"4825";"4841"
"50 000 tot 100 000 euro";"Zuid-Nederland (LD)";"Niet-woningen; gedeeltelijk bewoond";"aantal";"9020";"8799";"8363";"8175";"1951";"1896";"1815";"1757";"868";"832";"626";"536";"544";"527";"544"
"50 000 tot 100 000 euro";"Zuid-Nederland (LD)";"Niet-woningen; niet bewoond";"aantal";"19290";"20351";"21074";"21630";"18083";"18864";"19145";"20073";"17258";"17418";"16596";"16639";"16298";"15676";"16433"
"50 000 tot 100 000 euro";"Leeuwarden (SG)";"Totaal WOZ-objecten";"aantal";"";"";"";"23644";"31760";"31784";"31978";"31847";"26893";"27014";"18586";"14441";"13630";"13153";"12995"
"50 000 tot 100 000 euro";"Leeuwarden (SG)";"WOZ-objecten woningen";"aantal";"";"";"";"21637";"30205";"30200";"30333";"30220";"25674";"25759";"17570";"13377";"12562";"12060";"11902"
"50 000 tot 100 000 euro";"Leeuwarden (SG)";"Recreatiewoningen en overige woningen";"aantal";"";"";"";"374";"448";"447";"449";"447";"240";"236";"29";"55";"89";"85";"75"
"50 000 tot 100 000 euro";"Leeuwarden (SG)";"Niet-woningen; gedeeltelijk bewoond";"aantal";"";"";"";"674";"321";"309";"284";"284";"81";"74";"23";"17";"11";"12";"12"
"50 000 tot 100 000 euro";"Leeuwarden (SG)";"Niet-woningen; niet bewoond";"aantal";"";"";"";"959";"786";"828";"912";"896";"898";"945";"964";"992";"968";"996";"1006"
"50 000 tot 100 000 euro";"Maastricht (SG)";"Totaal WOZ-objecten";"aantal";"";"";"";"45861";"23222";"23312";"23006";"22995";"8655";"8663";"7033";"5867";"5787";"5925";"6534"
"50 000 tot 100 000 euro";"Maastricht (SG)";"WOZ-objecten woningen";"aantal";"";"";"";"44261";"21945";"21995";"21673";"21599";"7503";"7494";"5937";"4888";"4804";"4967";"5470"
"50 000 tot 100 000 euro";"Maastricht (SG)";"Recreatiewoningen en overige woningen";"aantal";"";"";"";"35";"186";"185";"187";"182";"155";"153";"160";"129";"150";"152";"161"
"50 000 tot 100 000 euro";"Maastricht (SG)";"Niet-woningen; gedeeltelijk bewoond";"aantal";"";"";"";"332";"75";"73";"73";"56";"34";"35";"19";"14";"12";"18";"18"
"50 000 tot 100 000 euro";"Maastricht (SG)";"Niet-woningen; niet bewoond";"aantal";"";"";"";"1233";"1016";"1059";"1073";"1158";"963";"981";"917";"836";"821";"788";"885"
"50 000 tot 100 000 euro";"Leeuwarden (GA)";"Totaal WOZ-objecten";"aantal";"";"";"";"10025";"19442";"19481";"19447";"19384";"21677";"21769";"15630";"12144";"11520";"10934";"10608"
"50 000 tot 100 000 euro";"Leeuwarden (GA)";"WOZ-objecten woningen";"aantal";"";"";"";"9126";"18648";"18672";"18594";"18551";"20864";"20933";"14989";"11511";"10936";"10330";"10006"
"50 000 tot 100 000 euro";"Leeuwarden (GA)";"Recreatiewoningen en overige woningen";"aantal";"";"";"";"38";"123";"123";"126";"125";"177";"177";"6";"7";"7";"7";"12"
"50 000 tot 100 000 euro";"Leeuwarden (GA)";"Niet-woningen; gedeeltelijk bewoond";"aantal";"";"";"";"217";"161";"146";"125";"129";"33";"29";"12";"6";"2";"3";"2"
"50 000 tot 100 000 euro";"Leeuwarden (GA)";"Niet-woningen; niet bewoond";"aantal";"";"";"";"644";"510";"540";"602";"579";"603";"630";"623";"620";"575";"594";"588"
"50 000 tot 100 000 euro";"Maastricht (GA)";"Totaal WOZ-objecten";"aantal";"";"";"";"34888";"19558";"19598";"19283";"19289";"6739";"6673";"5449";"4526";"4382";"4512";"4974"
"50 000 tot 100 000 euro";"Maastricht (GA)";"WOZ-objecten woningen";"aantal";"";"";"";"33902";"18834";"18860";"18532";"18491";"6087";"5999";"4833";"3973";"3839";"3978";"4390"
"50 000 tot 100 000 euro";"Maastricht (GA)";"Recreatiewoningen en overige woningen";"aantal";"";"";"";"10";"11";"10";"12";"8";"13";"13";"9";"9";"20";"22";"28"
"50 000 tot 100 000 euro";"Maastricht (GA)";"Niet-woningen; gedeeltelijk bewoond";"aantal";"";"";"";"128";"50";"49";"49";"27";"10";"10";"11";"9";"8";"8";"6"
"50 000 tot 100 000 euro";"Maastricht (GA)";"Niet-woningen; niet bewoond";"aantal";"";"";"";"848";"663";"679";"690";"763";"629";"651";"596";"535";"515";"504";"550"
"100 000 tot 150 000 euro";"Noord-Nederland (LD)";"Totaal WOZ-objecten";"aantal";"74842";"78808";"82550";"85977";"173283";"175358";"177531";"179129";"242775";"243600";"264502";"250296";"239374";"238493";"246485"
"100 000 tot 150 000 euro";"Noord-Nederland (LD)";"WOZ-objecten woningen";"aantal";"59895";"63493";"66864";"70086";"156080";"158130";"160206";"161679";"226810";"227509";"249056";"235766";"225358";"224605";"232714"
"100 000 tot 150 000 euro";"Noord-Nederland (LD)";"Recreatiewoningen en overige woningen";"aantal";"1898";"2100";"2213";"2242";"3326";"3433";"3555";"3797";"5372";"5591";"5971";"5196";"4583";"4652";"4684"
"100 000 tot 150 000 euro";"Noord-Nederland (LD)";"Niet-woningen; gedeeltelijk bewoond";"aantal";"6715";"6729";"6866";"6847";"6869";"6668";"6391";"6153";"3165";"2953";"1665";"1276";"1049";"879";"851"
"100 000 tot 150 000 euro";"Noord-Nederland (LD)";"Niet-woningen; niet bewoond";"aantal";"6334";"6486";"6607";"6802";"7008";"7127";"7379";"7500";"7428";"7547";"7810";"8058";"8384";"8357";"8236"
"100 000 tot 150 000 euro";"Oost-Nederland (LD)";"Totaal WOZ-objecten";"aantal";"222315";"229705";"237289";"244185";"485381";"492031";"497024";"501812";"372392";"374090";"314214";"267551";"250176";"248079";"272240"
"100 000 tot 150 000 euro";"Oost-Nederland (LD)";"WOZ-objecten woningen";"aantal";"194697";"201856";"209283";"216002";"462473";"468762";"473442";"477810";"349598";"350944";"291207";"244598";"226919";"225497";"249451"
"100 000 tot 150 000 euro";"Oost-Nederland (LD)";"Recreatiewoningen en overige woningen";"aantal";"1446";"1037";"1042";"1299";"3212";"3421";"3615";"3928";"5959";"6212";"6744";"6832";"7059";"6846";"6904"
"100 000 tot 150 000 euro";"Oost-Nederland (LD)";"Niet-woningen; gedeeltelijk bewoond";"aantal";"14332";"14327";"14044";"13836";"6486";"6350";"6045";"5789";"2449";"2359";"1666";"1302";"1118";"793";"698"
"100 000 tot 150 000 euro";"Oost-Nederland (LD)";"Niet-woningen; niet bewoond";"aantal";"11840";"12485";"12920";"13048";"13210";"13498";"13922";"14285";"14386";"14575";"14597";"14819";"15080";"14943";"15187"
"100 000 tot 150 000 euro";"West-Nederland (LD)";"Totaal WOZ-objecten";"aantal";"499596";"512715";"530894";"544702";"1133250";"1145441";"1154388";"1162628";"913619";"913700";"837098";"719768";"661224";"643688";"679367"
"100 000 tot 150 000 euro";"West-Nederland (LD)";"WOZ-objecten woningen";"aantal";"453554";"465712";"482949";"496198";"1081242";"1092091";"1100924";"1108665";"861683";"861788";"786097";"669366";"611819";"595729";"630266"
"100 000 tot 150 000 euro";"West-Nederland (LD)";"Recreatiewoningen en overige woningen";"aantal";"4762";"4812";"5395";"5712";"9725";"9806";"10066";"10262";"11862";"11871";"11940";"11751";"11068";"10947";"10344"
"100 000 tot 150 000 euro";"West-Nederland (LD)";"Niet-woningen; gedeeltelijk bewoond";"aantal";"11264";"11598";"11360";"11083";"6576";"6456";"6215";"5950";"2546";"2417";"1378";"1011";"818";"624";"625"
"100 000 tot 150 000 euro";"West-Nederland (LD)";"Niet-woningen; niet bewoond";"aantal";"30016";"30593";"31190";"31709";"35707";"37088";"37183";"37751";"37528";"37624";"37683";"37640";"37519";"36388";"38132"
"100 000 tot 150 000 euro";"Zuid-Nederland (LD)";"Totaal WOZ-objecten";"aantal";"262434";"268874";"275814";"282365";"578247";"579971";"581870";"583103";"361337";"364474";"292566";"246459";"232660";"231670";"253296"
"100 000 tot 150 000 euro";"Zuid-Nederland (LD)";"WOZ-objecten woningen";"aantal";"235600";"241433";"248544";"254973";"554517";"555813";"557531";"558629";"337235";"340578";"270275";"225156";"211807";"211407";"231775"
"100 000 tot 150 000 euro";"Zuid-Nederland (LD)";"Recreatiewoningen en overige woningen";"aantal";"472";"432";"457";"458";"3798";"4004";"4124";"4178";"6860";"7063";"6271";"5580";"4984";"5028";"5351"
"100 000 tot 150 000 euro";"Zuid-Nederland (LD)";"Niet-woningen; gedeeltelijk bewoond";"aantal";"13409";"13225";"12631";"12331";"5254";"5124";"4847";"4606";"1816";"1754";"1107";"786";"709";"610";"623"
"100 000 tot 150 000 euro";"Zuid-Nederland (LD)";"Niet-woningen; niet bewoond";"aantal";"12953";"13784";"14182";"14603";"14678";"15030";"15368";"15690";"15426";"15079";"14913";"14937";"15160";"14625";"15547"
"100 000 tot 150 000 euro";"Leeuwarden (SG)";"Totaal WOZ-objecten";"aantal";"";"";"";"5660";"13168";"13387";"13600";"13722";"21667";"21812";"26064";"26667";"26455";"25966";"26925"
"100 000 tot 150 000 euro";"Leeuwarden (SG)";"WOZ-objecten woningen";"aantal";"";"";"";"4630";"12139";"12352";"12516";"12631";"20567";"20713";"24987";"25668";"25521";"25094";"26048"
"100 000 tot 150 000 euro";"Leeuwarden (SG)";"Recreatiewoningen en overige woningen";"aantal";"";"";"";"6";"50";"51";"81";"81";"261";"267";"250";"231";"128";"106";"95"
"100 000 tot 150 000 euro";"Leeuwarden (SG)";"Niet-woningen; gedeeltelijk bewoond";"aantal";"";"";"";"448";"347";"334";"318";"323";"185";"169";"88";"69";"55";"50";"45"
"100 000 tot 150 000 euro";"Leeuwarden (SG)";"Niet-woningen; niet bewoond";"aantal";"";"";"";"576";"632";"650";"685";"687";"654";"663";"739";"699";"751";"716";"737"
"100 000 tot 150 000 euro";"Maastricht (SG)";"Totaal WOZ-objecten";"aantal";"";"";"";"18640";"30128";"30179";"30266";"30285";"24181";"24435";"22500";"20388";"19602";"20229";"20879"
"100 000 tot 150 000 euro";"Maastricht (SG)";"WOZ-objecten woningen";"aantal";"";"";"";"17307";"29096";"29139";"29221";"29233";"23236";"23472";"21600";"19502";"18712";"19348";"19961"
"100 000 tot 150 000 euro";"Maastricht (SG)";"Recreatiewoningen en overige woningen";"aantal";"";"";"";"7";"13";"13";"15";"12";"19";"20";"29";"22";"26";"24";"29"
"100 000 tot 150 000 euro";"Maastricht (SG)";"Niet-woningen; gedeeltelijk bewoond";"aantal";"";"";"";"571";"211";"206";"200";"178";"111";"94";"44";"41";"32";"36";"36"
"100 000 tot 150 000 euro";"Maastricht (SG)";"Niet-woningen; niet bewoond";"aantal";"";"";"";"755";"808";"821";"830";"862";"815";"849";"827";"823";"832";"821";"853"
"100 000 tot 150 000 euro";"Leeuwarden (GA)";"Totaal WOZ-objecten";"aantal";"";"";"";"1989";"5608";"5756";"5849";"5913";"12868";"13011";"17043";"18777";"19108";"18706";"19471"
"100 000 tot 150 000 euro";"Leeuwarden (GA)";"WOZ-objecten woningen";"aantal";"";"";"";"1486";"5079";"5220";"5288";"5353";"12360";"12499";"16484";"18279";"18567";"18210";"18958"
"100 000 tot 150 000 euro";"Leeuwarden (GA)";"Recreatiewoningen en overige woningen";"aantal";"";"";"";"2";"13";"12";"42";"42";"11";"11";"13";"12";"12";"12";"9"
"100 000 tot 150 000 euro";"Leeuwarden (GA)";"Niet-woningen; gedeeltelijk bewoond";"aantal";"";"";"";"113";"121";"113";"94";"100";"63";"64";"34";"21";"14";"14";"14"
"100 000 tot 150 000 euro";"Leeuwarden (GA)";"Niet-woningen; niet bewoond";"aantal";"";"";"";"388";"395";"411";"425";"418";"434";"437";"512";"465";"515";"470";"490"
"100 000 tot 150 000 euro";"Maastricht (GA)";"Totaal WOZ-objecten";"aantal";"";"";"";"9402";"21890";"21933";"22061";"22067";"20218";"20393";"18908";"17239";"16546";"17063";"17506"
"100 000 tot 150 000 euro";"Maastricht (GA)";"WOZ-objecten woningen";"aantal";"";"";"";"8631";"21209";"21253";"21382";"21386";"19609";"19785";"18350";"16693";"15991";"16501";"16941"
"100 000 tot 150 000 euro";"Maastricht (GA)";"Recreatiewoningen en overige woningen";"aantal";"";"";"";"5";"3";"3";"5";"3";"5";"5";"2";"-";"4";"3";"5"
"100 000 tot 150 000 euro";"Maastricht (GA)";"Niet-woningen; gedeeltelijk bewoond";"aantal";"";"";"";"241";"101";"98";"93";"70";"49";"46";"21";"20";"18";"18";"18"
"100 000 tot 150 000 euro";"Maastricht (GA)";"Niet-woningen; niet bewoond";"aantal";"";"";"";"525";"577";"579";"581";"608";"555";"557";"535";"526";"533";"541";"542"
"150 000 tot 200 000 euro";"Noord-Nederland (LD)";"Totaal WOZ-objecten";"aantal";"19994";"20971";"21991";"23347";"75787";"78154";"80712";"82696";"141620";"143529";"156186";"173666";"180620";"181325";"179149"
"150 000 tot 200 000 euro";"Noord-Nederland (LD)";"WOZ-objecten woningen";"aantal";"12319";"13127";"13968";"15084";"63811";"66119";"68519";"70465";"128919";"130861";"143788";"160871";"167445";"168678";"166491"
"150 000 tot 200 000 euro";"Noord-Nederland (LD)";"Recreatiewoningen en overige woningen";"aantal";"342";"355";"370";"388";"1856";"1876";"1975";"2047";"2567";"2711";"3203";"4149";"4751";"4538";"4702"
"150 000 tot 200 000 euro";"Noord-Nederland (LD)";"Niet-woningen; gedeeltelijk bewoond";"aantal";"3706";"3838";"3963";"4029";"5276";"5219";"5096";"4981";"4718";"4415";"3199";"2549";"2171";"1900";"1748"
"150 000 tot 200 000 euro";"Noord-Nederland (LD)";"Niet-woningen; niet bewoond";"aantal";"3627";"3651";"3690";"3846";"4844";"4940";"5122";"5203";"5416";"5542";"5996";"6097";"6253";"6209";"6208"
"150 000 tot 200 000 euro";"Oost-Nederland (LD)";"Totaal WOZ-objecten";"aantal";"74837";"77554";"80297";"82589";"204554";"209037";"212729";"216219";"408240";"410971";"425643";"413528";"404467";"400862";"412112"
"150 000 tot 200 000 euro";"Oost-Nederland (LD)";"WOZ-objecten woningen";"aantal";"57243";"59660";"62067";"64412";"185600";"190045";"193744";"197237";"390353";"392937";"407968";"396078";"387255";"384510";"395680"
"150 000 tot 200 000 euro";"Oost-Nederland (LD)";"Recreatiewoningen en overige woningen";"aantal";"488";"229";"270";"266";"975";"1078";"1145";"1187";"2749";"2918";"3298";"3520";"3635";"3421";"3341"
"150 000 tot 200 000 euro";"Oost-Nederland (LD)";"Niet-woningen; gedeeltelijk bewoond";"aantal";"9480";"9643";"9678";"9443";"8533";"8226";"7942";"7768";"4483";"4286";"3310";"2585";"2238";"1656";"1486"
"150 000 tot 200 000 euro";"Oost-Nederland (LD)";"Niet-woningen; niet bewoond";"aantal";"7626";"8022";"8282";"8468";"9446";"9688";"9898";"10027";"10655";"10830";"11067";"11345";"11339";"11275";"11605"
"150 000 tot 200 000 euro";"West-Nederland (LD)";"Totaal WOZ-objecten";"aantal";"159031";"163824";"169540";"174526";"505306";"516032";"526849";"537153";"921431";"929495";"898128";"854865";"822309";"808119";"850166"
"150 000 tot 200 000 euro";"West-Nederland (LD)";"WOZ-objecten woningen";"aantal";"131586";"135661";"140952";"145440";"469984";"479783";"490574";"500399";"883217";"891246";"859272";"815465";"782742";"769896";"811798"
"150 000 tot 200 000 euro";"West-Nederland (LD)";"Recreatiewoningen en overige woningen";"aantal";"1009";"1069";"1293";"1506";"3794";"4024";"4044";"4417";"7047";"7004";"7765";"8182";"7915";"8025";"7346"
"150 000 tot 200 000 euro";"West-Nederland (LD)";"Niet-woningen; gedeeltelijk bewoond";"aantal";"7296";"7494";"7309";"7259";"7231";"7176";"6912";"6695";"3911";"3759";"2604";"1861";"1439";"1224";"1163"
"150 000 tot 200 000 euro";"West-Nederland (LD)";"Niet-woningen; niet bewoond";"aantal";"19140";"19600";"19986";"20321";"24297";"25049";"25319";"25642";"27256";"27486";"28487";"29357";"30213";"28974";"29859"
"150 000 tot 200 000 euro";"Zuid-Nederland (LD)";"Totaal WOZ-objecten";"aantal";"92504";"95309";"98098";"100946";"246984";"251052";"254628";"258210";"447950";"450792";"456042";"422623";"399034";"395892";"417481"
"150 000 tot 200 000 euro";"Zuid-Nederland (LD)";"WOZ-objecten woningen";"aantal";"74373";"76726";"79500";"82188";"227780";"231700";"235323";"239065";"429397";"432386";"438074";"404299";"380493";"377698";"399197"
"150 000 tot 200 000 euro";"Zuid-Nederland (LD)";"Recreatiewoningen en overige woningen";"aantal";"246";"163";"160";"156";"627";"714";"766";"795";"3183";"3235";"3927";"4534";"4553";"4653";"4526"
"150 000 tot 200 000 euro";"Zuid-Nederland (LD)";"Niet-woningen; gedeeltelijk bewoond";"aantal";"9339";"9242";"9018";"8877";"7856";"7736";"7433";"7181";"3820";"3619";"2392";"1695";"1580";"1327";"1316"
"150 000 tot 200 000 euro";"Zuid-Nederland (LD)";"Niet-woningen; niet bewoond";"aantal";"8546";"9178";"9420";"9725";"10721";"10902";"11106";"11169";"11550";"11552";"11649";"12095";"12408";"12214";"12442"
"150 000 tot 200 000 euro";"Leeuwarden (SG)";"Totaal WOZ-objecten";"aantal";"";"";"";"1305";"5018";"5329";"5530";"5742";"10747";"10974";"13036";"14737";"15228";"16009";"15810"
"150 000 tot 200 000 euro";"Leeuwarden (SG)";"WOZ-objecten woningen";"aantal";"";"";"";"686";"4295";"4608";"4803";"5018";"9966";"10211";"12130";"13855";"14276";"15038";"14843"
"150 000 tot 200 000 euro";"Leeuwarden (SG)";"Recreatiewoningen en overige woningen";"aantal";"";"";"";"-";"9";"9";"8";"8";"79";"79";"117";"145";"229";"259";"259"
"150 000 tot 200 000 euro";"Leeuwarden (SG)";"Niet-woningen; gedeeltelijk bewoond";"aantal";"";"";"";"284";"293";"280";"270";"269";"211";"171";"158";"117";"110";"108";"85"
"150 000 tot 200 000 euro";"Leeuwarden (SG)";"Niet-woningen; niet bewoond";"aantal";"";"";"";"335";"421";"432";"449";"447";"491";"513";"631";"620";"613";"604";"623"
"150 000 tot 200 000 euro";"Maastricht (SG)";"Totaal WOZ-objecten";"aantal";"";"";"";"5414";"16435";"16661";"16893";"16992";"21940";"22082";"21666";"21241";"21085";"21069";"21517"
"150 000 tot 200 000 euro";"Maastricht (SG)";"WOZ-objecten woningen";"aantal";"";"";"";"4568";"15463";"15667";"15896";"15995";"21074";"21209";"20892";"20491";"20340";"20354";"20826"
"150 000 tot 200 000 euro";"Maastricht (SG)";"Recreatiewoningen en overige woningen";"aantal";"";"";"";"2";"12";"11";"15";"13";"1";"1";"4";"6";"9";"9";"9"
"150 000 tot 200 000 euro";"Maastricht (SG)";"Niet-woningen; gedeeltelijk bewoond";"aantal";"";"";"";"355";"391";"397";"389";"374";"236";"213";"139";"116";"104";"89";"92"
"150 000 tot 200 000 euro";"Maastricht (SG)";"Niet-woningen; niet bewoond";"aantal";"";"";"";"489";"569";"586";"593";"610";"629";"659";"631";"628";"632";"617";"590"
"150 000 tot 200 000 euro";"Leeuwarden (GA)";"Totaal WOZ-objecten";"aantal";"";"";"";"599";"1693";"1912";"2072";"2216";"4436";"4621";"6105";"7360";"7638";"8206";"7970"
"150 000 tot 200 000 euro";"Leeuwarden (GA)";"WOZ-objecten woningen";"aantal";"";"";"";"315";"1320";"1540";"1694";"1839";"4075";"4257";"5631";"6917";"7224";"7795";"7552"
"150 000 tot 200 000 euro";"Leeuwarden (GA)";"Recreatiewoningen en overige woningen";"aantal";"";"";"";"-";"5";"5";"5";"5";"-";"-";"-";"2";"1";"1";"1"
"150 000 tot 200 000 euro";"Leeuwarden (GA)";"Niet-woningen; gedeeltelijk bewoond";"aantal";"";"";"";"59";"88";"77";"72";"74";"65";"58";"49";"33";"28";"28";"25"
"150 000 tot 200 000 euro";"Leeuwarden (GA)";"Niet-woningen; niet bewoond";"aantal";"";"";"";"225";"280";"290";"301";"298";"296";"306";"425";"408";"385";"382";"392"
"150 000 tot 200 000 euro";"Maastricht (GA)";"Totaal WOZ-objecten";"aantal";"";"";"";"2370";"8627";"8809";"8977";"9054";"14702";"14751";"15637";"16074";"16185";"15961";"15983"
"150 000 tot 200 000 euro";"Maastricht (GA)";"WOZ-objecten woningen";"aantal";"";"";"";"1867";"8050";"8224";"8389";"8473";"14178";"14234";"15142";"15589";"15699";"15514";"15551"
"150 000 tot 200 000 euro";"Maastricht (GA)";"Recreatiewoningen en overige woningen";"aantal";"";"";"";"1";"2";"2";"7";"5";"-";"-";"-";"-";"2";"1";"2"
"150 000 tot 200 000 euro";"Maastricht (GA)";"Niet-woningen; gedeeltelijk bewoond";"aantal";"";"";"";"152";"176";"177";"171";"157";"89";"88";"63";"57";"52";"43";"49"
"150 000 tot 200 000 euro";"Maastricht (GA)";"Niet-woningen; niet bewoond";"aantal";"";"";"";"350";"399";"406";"410";"419";"435";"429";"432";"428";"432";"403";"381"
"200 000 tot 250 000 euro";"Noord-Nederland (LD)";"Totaal WOZ-objecten";"aantal";"6445";"6784";"7078";"7453";"33029";"34359";"35570";"36691";"81528";"82687";"95356";"106604";"111584";"111973";"111795"
"200 000 tot 250 000 euro";"Noord-Nederland (LD)";"WOZ-objecten woningen";"aantal";"2302";"2486";"2629";"2872";"25221";"26389";"27427";"28419";"71666";"73060";"85657";"97097";"102150";"102605";"102319"
"200 000 tot 250 000 euro";"Noord-Nederland (LD)";"Recreatiewoningen en overige woningen";"aantal";"57";"62";"74";"82";"603";"658";"754";"814";"1650";"1729";"2070";"2180";"2187";"2250";"2379"
"200 000 tot 250 000 euro";"Noord-Nederland (LD)";"Niet-woningen; gedeeltelijk bewoond";"aantal";"1662";"1738";"1836";"1894";"3932";"3938";"3879";"3872";"4139";"3810";"3412";"2904";"2664";"2487";"2403"
"200 000 tot 250 000 euro";"Noord-Nederland (LD)";"Niet-woningen; niet bewoond";"aantal";"2424";"2498";"2539";"2605";"3273";"3374";"3510";"3586";"4073";"4088";"4217";"4423";"4583";"4631";"4694"
"200 000 tot 250 000 euro";"Oost-Nederland (LD)";"Totaal WOZ-objecten";"aantal";"25946";"26695";"27630";"28570";"108809";"111582";"113560";"115571";"205216";"208386";"242932";"276470";"291787";"293606";"285343"
"200 000 tot 250 000 euro";"Oost-Nederland (LD)";"WOZ-objecten woningen";"aantal";"15727";"16193";"16860";"17694";"93357";"96056";"98089";"100114";"190529";"193664";"228765";"262438";"277751";"280449";"272371"
"200 000 tot 250 000 euro";"Oost-Nederland (LD)";"Recreatiewoningen en overige woningen";"aantal";"130";"69";"75";"67";"369";"383";"378";"413";"1083";"1196";"1565";"1929";"1992";"1576";"1544"
"200 000 tot 250 000 euro";"Oost-Nederland (LD)";"Niet-woningen; gedeeltelijk bewoond";"aantal";"4986";"5079";"5185";"5176";"7976";"7832";"7583";"7427";"5512";"5294";"4238";"3485";"3204";"2713";"2551"
"200 000 tot 250 000 euro";"Oost-Nederland (LD)";"Niet-woningen; niet bewoond";"aantal";"5103";"5354";"5510";"5633";"7107";"7311";"7510";"7617";"8092";"8232";"8364";"8618";"8840";"8868";"8877"
"200 000 tot 250 000 euro";"West-Nederland (LD)";"Totaal WOZ-objecten";"aantal";"67424";"69029";"70956";"73094";"202980";"208188";"212867";"217782";"555848";"565800";"666108";"723918";"740909";"734814";"739316"
"200 000 tot 250 000 euro";"West-Nederland (LD)";"WOZ-objecten woningen";"aantal";"49782";"51127";"52840";"54798";"178629";"183473";"187930";"192691";"527597";"537518";"638013";"695169";"712103";"706775";"710992"
"200 000 tot 250 000 euro";"West-Nederland (LD)";"Recreatiewoningen en overige woningen";"aantal";"340";"299";"324";"373";"1305";"1342";"1477";"1567";"3657";"3706";"4008";"4684";"4703";"4973";"5020"
"200 000 tot 250 000 euro";"West-Nederland (LD)";"Niet-woningen; gedeeltelijk bewoond";"aantal";"4040";"4210";"4142";"4083";"5631";"5565";"5421";"5355";"4537";"4399";"3241";"2532";"2150";"1978";"1828"
"200 000 tot 250 000 euro";"West-Nederland (LD)";"Niet-woningen; niet bewoond";"aantal";"13262";"13393";"13650";"13840";"17415";"17808";"18039";"18169";"20057";"20177";"20846";"21533";"21953";"21088";"21476"
"200 000 tot 250 000 euro";"Zuid-Nederland (LD)";"Totaal WOZ-objecten";"aantal";"33347";"34312";"35246";"36528";"126286";"128815";"131040";"133240";"221567";"224471";"264206";"302907";"319843";"320729";"310487"
"200 000 tot 250 000 euro";"Zuid-Nederland (LD)";"WOZ-objecten woningen";"aantal";"22000";"22651";"23534";"24665";"110955";"113470";"115851";"118077";"207223";"210324";"250393";"289456";"306172";"307707";"297289"
"200 000 tot 250 000 euro";"Zuid-Nederland (LD)";"Recreatiewoningen en overige woningen";"aantal";"61";"55";"48";"50";"193";"220";"223";"237";"837";"857";"1371";"1637";"1784";"1724";"1696"
"200 000 tot 250 000 euro";"Zuid-Nederland (LD)";"Niet-woningen; gedeeltelijk bewoond";"aantal";"5455";"5403";"5342";"5272";"7256";"7138";"6865";"6705";"4754";"4539";"3348";"2553";"2440";"2011";"1992"
"200 000 tot 250 000 euro";"Zuid-Nederland (LD)";"Niet-woningen; niet bewoond";"aantal";"5831";"6203";"6322";"6541";"7882";"7987";"8101";"8221";"8753";"8751";"9094";"9261";"9447";"9287";"9510"
"200 000 tot 250 000 euro";"Leeuwarden (SG)";"Totaal WOZ-objecten";"aantal";"";"";"";"414";"2070";"2178";"2318";"2384";"5759";"5905";"7170";"8036";"8286";"8554";"8716"
"200 000 tot 250 000 euro";"Leeuwarden (SG)";"WOZ-objecten woningen";"aantal";"";"";"";"90";"1555";"1665";"1784";"1857";"5200";"5388";"6543";"7387";"7652";"7908";"8084"
"200 000 tot 250 000 euro";"Leeuwarden (SG)";"Recreatiewoningen en overige woningen";"aantal";"";"";"";"2";"1";"1";"1";"1";"3";"3";"7";"29";"32";"28";"38"
"200 000 tot 250 000 euro";"Leeuwarden (SG)";"Niet-woningen; gedeeltelijk bewoond";"aantal";"";"";"";"109";"241";"235";"231";"225";"186";"149";"208";"203";"164";"153";"154"
"200 000 tot 250 000 euro";"Leeuwarden (SG)";"Niet-woningen; niet bewoond";"aantal";"";"";"";"213";"273";"277";"302";"301";"370";"365";"412";"417";"438";"465";"440"
"200 000 tot 250 000 euro";"Maastricht (SG)";"Totaal WOZ-objecten";"aantal";"";"";"";"1747";"6757";"6846";"6977";"7068";"13387";"13470";"13998";"14482";"14563";"14502";"14642"
"200 000 tot 250 000 euro";"Maastricht (SG)";"WOZ-objecten woningen";"aantal";"";"";"";"1212";"6046";"6121";"6251";"6343";"12635";"12739";"13294";"13779";"13875";"13826";"13938"
"200 000 tot 250 000 euro";"Maastricht (SG)";"Recreatiewoningen en overige woningen";"aantal";"";"";"";"1";"-";"-";"1";"1";"7";"7";"5";"5";"4";"4";"5"
"200 000 tot 250 000 euro";"Maastricht (SG)";"Niet-woningen; gedeeltelijk bewoond";"aantal";"";"";"";"195";"310";"308";"307";"295";"284";"248";"202";"169";"149";"160";"169"
"200 000 tot 250 000 euro";"Maastricht (SG)";"Niet-woningen; niet bewoond";"aantal";"";"";"";"339";"401";"417";"418";"429";"461";"476";"497";"529";"535";"512";"530"
"200 000 tot 250 000 euro";"Leeuwarden (GA)";"Totaal WOZ-objecten";"aantal";"";"";"";"253";"970";"1054";"1123";"1166";"2255";"2407";"3073";"3468";"3625";"3970";"4193"
"200 000 tot 250 000 euro";"Leeuwarden (GA)";"WOZ-objecten woningen";"aantal";"";"";"";"68";"729";"814";"879";"927";"1950";"2109";"2758";"3132";"3278";"3594";"3849"
"200 000 tot 250 000 euro";"Leeuwarden (GA)";"Recreatiewoningen en overige woningen";"aantal";"";"";"";"2";"-";"-";"-";"-";"-";"-";"1";"-";"-";"-";"-"
"200 000 tot 250 000 euro";"Leeuwarden (GA)";"Niet-woningen; gedeeltelijk bewoond";"aantal";"";"";"";"17";"66";"59";"53";"50";"52";"51";"41";"51";"50";"52";"49"
"200 000 tot 250 000 euro";"Leeuwarden (GA)";"Niet-woningen; niet bewoond";"aantal";"";"";"";"166";"175";"181";"191";"189";"253";"247";"273";"285";"297";"324";"295"
"200 000 tot 250 000 euro";"Maastricht (GA)";"Totaal WOZ-objecten";"aantal";"";"";"";"881";"3053";"3114";"3230";"3297";"7166";"7197";"7344";"7828";"8231";"8173";"8134"
"200 000 tot 250 000 euro";"Maastricht (GA)";"WOZ-objecten woningen";"aantal";"";"";"";"540";"2667";"2720";"2836";"2902";"6727";"6758";"6910";"7397";"7801";"7741";"7686"
"200 000 tot 250 000 euro";"Maastricht (GA)";"Recreatiewoningen en overige woningen";"aantal";"";"";"";"1";"-";"-";"1";"1";"1";"1";"-";"-";"-";"-";"-"
"200 000 tot 250 000 euro";"Maastricht (GA)";"Niet-woningen; gedeeltelijk bewoond";"aantal";"";"";"";"91";"118";"118";"118";"111";"122";"120";"106";"82";"73";"80";"83"
"200 000 tot 250 000 euro";"Maastricht (GA)";"Niet-woningen; niet bewoond";"aantal";"";"";"";"249";"268";"276";"275";"283";"316";"318";"328";"349";"357";"352";"365"
"250 000 tot 300 000 euro";"Noord-Nederland (LD)";"Totaal WOZ-objecten";"aantal";"2872";"3004";"3131";"3297";"14234";"14808";"15418";"15937";"49017";"49754";"58879";"66762";"70405";"70753";"69504"
"250 000 tot 300 000 euro";"Noord-Nederland (LD)";"WOZ-objecten woningen";"aantal";"528";"569";"608";"671";"8967";"9396";"9923";"10379";"41518";"42407";"51165";"58871";"62546";"63011";"61771"
"250 000 tot 300 000 euro";"Noord-Nederland (LD)";"Recreatiewoningen en overige woningen";"aantal";"5";"6";"6";"8";"192";"211";"220";"229";"1122";"1159";"1257";"1591";"1621";"1707";"1656"
"250 000 tot 300 000 euro";"Noord-Nederland (LD)";"Niet-woningen; gedeeltelijk bewoond";"aantal";"641";"700";"768";"824";"2503";"2564";"2536";"2537";"3343";"3102";"3221";"2895";"2678";"2468";"2422"
"250 000 tot 300 000 euro";"Noord-Nederland (LD)";"Niet-woningen; niet bewoond";"aantal";"1698";"1729";"1749";"1794";"2572";"2637";"2739";"2792";"3034";"3086";"3236";"3405";"3560";"3567";"3655"
"250 000 tot 300 000 euro";"Oost-Nederland (LD)";"Totaal WOZ-objecten";"aantal";"10540";"10829";"11198";"11676";"58980";"60345";"61739";"63022";"123163";"125169";"140035";"154085";"162228";"163933";"159283"
"250 000 tot 300 000 euro";"Oost-Nederland (LD)";"WOZ-objecten woningen";"aantal";"4667";"4738";"4907";"5209";"47823";"49124";"50386";"51649";"111024";"112982";"128321";"142659";"150876";"152845";"148376"
"250 000 tot 300 000 euro";"Oost-Nederland (LD)";"Recreatiewoningen en overige woningen";"aantal";"55";"17";"23";"20";"147";"169";"180";"196";"428";"536";"511";"631";"783";"782";"621"
"250 000 tot 300 000 euro";"Oost-Nederland (LD)";"Niet-woningen; gedeeltelijk bewoond";"aantal";"2299";"2369";"2456";"2519";"5762";"5685";"5593";"5530";"5426";"5264";"4559";"3978";"3646";"3430";"3232"
"250 000 tot 300 000 euro";"Oost-Nederland (LD)";"Niet-woningen; niet bewoond";"aantal";"3519";"3705";"3812";"3928";"5248";"5367";"5580";"5647";"6285";"6387";"6644";"6817";"6923";"6876";"7054"
"250 000 tot 300 000 euro";"West-Nederland (LD)";"Totaal WOZ-objecten";"aantal";"32504";"33225";"33928";"34613";"110468";"113737";"116639";"119291";"264518";"269415";"318135";"389214";"438264";"441860";"421114"
"250 000 tot 300 000 euro";"West-Nederland (LD)";"WOZ-objecten woningen";"aantal";"20564";"20945";"21529";"22123";"93174";"95982";"98748";"101291";"243366";"248335";"296075";"367265";"415956";"420257";"399800"
"250 000 tot 300 000 euro";"West-Nederland (LD)";"Recreatiewoningen en overige woningen";"aantal";"214";"197";"140";"160";"473";"490";"491";"543";"1980";"1984";"2769";"2687";"3078";"3280";"3040"
"250 000 tot 300 000 euro";"West-Nederland (LD)";"Niet-woningen; gedeeltelijk bewoond";"aantal";"2278";"2388";"2398";"2342";"3985";"3996";"3936";"3833";"4193";"4038";"3305";"2787";"2415";"2304";"2146"
"250 000 tot 300 000 euro";"West-Nederland (LD)";"Niet-woningen; niet bewoond";"aantal";"9448";"9695";"9861";"9988";"12836";"13269";"13464";"13624";"14979";"15058";"15986";"16475";"16815";"16019";"16128"
"250 000 tot 300 000 euro";"Zuid-Nederland (LD)";"Totaal WOZ-objecten";"aantal";"13932";"14209";"14448";"14887";"68584";"69956";"71438";"72721";"139712";"141551";"156536";"170101";"179972";"181069";"176717"
"250 000 tot 300 000 euro";"Zuid-Nederland (LD)";"WOZ-objecten woningen";"aantal";"6629";"6738";"6900";"7170";"56773";"58144";"59678";"61063";"127928";"129920";"145542";"159547";"169101";"170657";"166449"
"250 000 tot 300 000 euro";"Zuid-Nederland (LD)";"Recreatiewoningen en overige woningen";"aantal";"26";"19";"21";"22";"74";"70";"72";"79";"274";"276";"483";"636";"772";"833";"664"
"250 000 tot 300 000 euro";"Zuid-Nederland (LD)";"Niet-woningen; gedeeltelijk bewoond";"aantal";"3397";"3344";"3323";"3346";"5796";"5709";"5511";"5352";"4770";"4568";"3495";"2664";"2697";"2320";"2298"
"250 000 tot 300 000 euro";"Zuid-Nederland (LD)";"Niet-woningen; niet bewoond";"aantal";"3880";"4108";"4204";"4349";"5941";"6033";"6177";"6227";"6740";"6787";"7016";"7254";"7402";"7259";"7306"
"250 000 tot 300 000 euro";"Leeuwarden (SG)";"Totaal WOZ-objecten";"aantal";"";"";"";"248";"773";"825";"869";"928";"3480";"3589";"4552";"5224";"5395";"5517";"5357"
"250 000 tot 300 000 euro";"Leeuwarden (SG)";"WOZ-objecten woningen";"aantal";"";"";"";"24";"404";"442";"473";"511";"3070";"3197";"4046";"4691";"4842";"4965";"4798"
"250 000 tot 300 000 euro";"Leeuwarden (SG)";"Recreatiewoningen en overige woningen";"aantal";"";"";"";"-";"2";"2";"2";"2";"3";"3";"6";"4";"22";"21";"27"
"250 000 tot 300 000 euro";"Leeuwarden (SG)";"Niet-woningen; gedeeltelijk bewoond";"aantal";"";"";"";"63";"158";"164";"165";"169";"139";"109";"189";"175";"167";"173";"158"
"250 000 tot 300 000 euro";"Leeuwarden (SG)";"Niet-woningen; niet bewoond";"aantal";"";"";"";"161";"209";"217";"229";"246";"268";"280";"311";"354";"364";"358";"374"
"250 000 tot 300 000 euro";"Maastricht (SG)";"Totaal WOZ-objecten";"aantal";"";"";"";"606";"3252";"3283";"3384";"3389";"6866";"6884";"8533";"9490";"9754";"9584";"9124"
"250 000 tot 300 000 euro";"Maastricht (SG)";"WOZ-objecten woningen";"aantal";"";"";"";"291";"2753";"2781";"2881";"2894";"6313";"6354";"8024";"8990";"9263";"9066";"8595"
"250 000 tot 300 000 euro";"Maastricht (SG)";"Recreatiewoningen en overige woningen";"aantal";"";"";"";"2";"1";"1";"2";"3";"2";"2";"1";"1";"2";"2";"2"
"250 000 tot 300 000 euro";"Maastricht (SG)";"Niet-woningen; gedeeltelijk bewoond";"aantal";"";"";"";"104";"197";"193";"190";"180";"214";"175";"148";"151";"153";"154";"148"
"250 000 tot 300 000 euro";"Maastricht (SG)";"Niet-woningen; niet bewoond";"aantal";"";"";"";"209";"301";"308";"311";"312";"337";"353";"360";"348";"336";"362";"379"
"250 000 tot 300 000 euro";"Leeuwarden (GA)";"Totaal WOZ-objecten";"aantal";"";"";"";"128";"384";"420";"447";"481";"1320";"1409";"1862";"2266";"2319";"2401";"2322"
"250 000 tot 300 000 euro";"Leeuwarden (GA)";"WOZ-objecten woningen";"aantal";"";"";"";"16";"198";"228";"250";"271";"1109";"1192";"1609";"1973";"2023";"2117";"2016"
"250 000 tot 300 000 euro";"Leeuwarden (GA)";"Recreatiewoningen en overige woningen";"aantal";"";"";"";"-";"2";"2";"2";"2";"-";"-";"-";"1";"1";"1";"-"
"250 000 tot 300 000 euro";"Leeuwarden (GA)";"Niet-woningen; gedeeltelijk bewoond";"aantal";"";"";"";"2";"28";"28";"32";"33";"42";"42";"46";"48";"39";"40";"40"
"250 000 tot 300 000 euro";"Leeuwarden (GA)";"Niet-woningen; niet bewoond";"aantal";"";"";"";"110";"156";"162";"163";"175";"169";"175";"207";"244";"256";"243";"266"
"250 000 tot 300 000 euro";"Maastricht (GA)";"Totaal WOZ-objecten";"aantal";"";"";"";"384";"1529";"1542";"1600";"1591";"3720";"3760";"4793";"5082";"5205";"5158";"4893"
"250 000 tot 300 000 euro";"Maastricht (GA)";"WOZ-objecten woningen";"aantal";"";"";"";"178";"1230";"1240";"1299";"1292";"3395";"3431";"4480";"4775";"4909";"4832";"4550"
"250 000 tot 300 000 euro";"Maastricht (GA)";"Recreatiewoningen en overige woningen";"aantal";"";"";"";"1";"-";"-";"1";"2";"-";"-";"1";"-";"1";"1";"2"
"250 000 tot 300 000 euro";"Maastricht (GA)";"Niet-woningen; gedeeltelijk bewoond";"aantal";"";"";"";"49";"86";"85";"85";"74";"92";"89";"74";"78";"81";"85";"76"
"250 000 tot 300 000 euro";"Maastricht (GA)";"Niet-woningen; niet bewoond";"aantal";"";"";"";"156";"213";"217";"215";"223";"233";"240";"238";"229";"214";"240";"265"
"300 000 tot 400 000 euro";"Noord-Nederland (LD)";"Totaal WOZ-objecten";"aantal";"2826";"2903";"3057";"3228";"10131";"10578";"11096";"11553";"44860";"45431";"59999";"70567";"76084";"76537";"73895"
"300 000 tot 400 000 euro";"Noord-Nederland (LD)";"WOZ-objecten woningen";"aantal";"237";"237";"269";"305";"4443";"4697";"4992";"5308";"35882";"36604";"49398";"59562";"64744";"65424";"63028"
"300 000 tot 400 000 euro";"Noord-Nederland (LD)";"Recreatiewoningen en overige woningen";"aantal";"10";"9";"7";"8";"142";"143";"150";"147";"960";"996";"1368";"1671";"1873";"1899";"1769"
"300 000 tot 400 000 euro";"Noord-Nederland (LD)";"Niet-woningen; gedeeltelijk bewoond";"aantal";"395";"449";"511";"550";"2246";"2304";"2384";"2417";"3784";"3575";"4577";"4485";"4448";"4273";"4149"
"300 000 tot 400 000 euro";"Noord-Nederland (LD)";"Niet-woningen; niet bewoond";"aantal";"2184";"2208";"2270";"2365";"3300";"3434";"3570";"3681";"4234";"4256";"4656";"4849";"5019";"4941";"4949"
"300 000 tot 400 000 euro";"Oost-Nederland (LD)";"Totaal WOZ-objecten";"aantal";"8327";"8664";"8991";"9351";"44942";"46173";"47382";"48638";"143265";"145723";"163620";"177972";"186083";"187929";"183596"
"300 000 tot 400 000 euro";"Oost-Nederland (LD)";"WOZ-objecten woningen";"aantal";"2123";"2169";"2254";"2368";"32084";"33105";"34084";"35130";"125427";"127842";"145618";"160081";"168288";"170155";"166157"
"300 000 tot 400 000 euro";"Oost-Nederland (LD)";"Recreatiewoningen en overige woningen";"aantal";"31";"6";"7";"6";"64";"63";"61";"77";"222";"312";"546";"658";"652";"635";"631"
"300 000 tot 400 000 euro";"Oost-Nederland (LD)";"Niet-woningen; gedeeltelijk bewoond";"aantal";"1528";"1635";"1763";"1818";"5800";"5826";"5854";"5915";"8652";"8495";"7903";"7256";"6869";"6924";"6609"
"300 000 tot 400 000 euro";"Oost-Nederland (LD)";"Niet-woningen; niet bewoond";"aantal";"4645";"4854";"4967";"5159";"6994";"7179";"7383";"7516";"8964";"9074";"9553";"9977";"10274";"10215";"10199"
"300 000 tot 400 000 euro";"West-Nederland (LD)";"Totaal WOZ-objecten";"aantal";"29214";"29773";"30351";"30783";"104952";"107662";"110468";"112738";"258396";"263800";"299037";"353707";"393051";"396465";"380183"
"300 000 tot 400 000 euro";"West-Nederland (LD)";"WOZ-objecten woningen";"aantal";"14741";"14939";"15196";"15557";"83018";"85130";"87721";"89793";"229831";"235318";"269679";"323146";"362714";"367137";"350817"
"300 000 tot 400 000 euro";"West-Nederland (LD)";"Recreatiewoningen en overige woningen";"aantal";"137";"124";"132";"128";"385";"400";"385";"391";"1522";"1545";"2149";"2793";"2701";"2825";"2685"
"300 000 tot 400 000 euro";"West-Nederland (LD)";"Niet-woningen; gedeeltelijk bewoond";"aantal";"1896";"2015";"2086";"1984";"4378";"4403";"4350";"4367";"6072";"5907";"5332";"4775";"4237";"4306";"4118"
"300 000 tot 400 000 euro";"West-Nederland (LD)";"Niet-woningen; niet bewoond";"aantal";"12440";"12695";"12937";"13114";"17171";"17729";"18012";"18187";"20971";"21030";"21877";"22993";"23399";"22197";"22563"
"300 000 tot 400 000 euro";"Zuid-Nederland (LD)";"Totaal WOZ-objecten";"aantal";"11172";"11450";"11749";"12178";"53985";"55058";"56361";"57660";"156465";"158410";"183983";"201271";"211497";"212209";"206391"
"300 000 tot 400 000 euro";"Zuid-Nederland (LD)";"WOZ-objecten woningen";"aantal";"3093";"3124";"3197";"3339";"39601";"40572";"41778";"43062";"139052";"141200";"166967";"185131";"194992";"196523";"190256"
"300 000 tot 400 000 euro";"Zuid-Nederland (LD)";"Recreatiewoningen en overige woningen";"aantal";"24";"24";"26";"26";"61";"61";"48";"51";"272";"282";"327";"463";"526";"507";"485"
"300 000 tot 400 000 euro";"Zuid-Nederland (LD)";"Niet-woningen; gedeeltelijk bewoond";"aantal";"3028";"2987";"3024";"3057";"6540";"6475";"6331";"6214";"7652";"7355";"6573";"5266";"5235";"4665";"4886"
"300 000 tot 400 000 euro";"Zuid-Nederland (LD)";"Niet-woningen; niet bewoond";"aantal";"5027";"5315";"5502";"5756";"7783";"7950";"8204";"8333";"9489";"9573";"10116";"10411";"10744";"10514";"10764"
"300 000 tot 400 000 euro";"Leeuwarden (SG)";"Totaal WOZ-objecten";"aantal";"";"";"";"249";"595";"629";"670";"703";"2867";"2896";"4061";"5008";"5368";"5288";"5116"
"300 000 tot 400 000 euro";"Leeuwarden (SG)";"WOZ-objecten woningen";"aantal";"";"";"";"5";"179";"198";"215";"245";"2282";"2357";"3324";"4230";"4565";"4501";"4351"
"300 000 tot 400 000 euro";"Leeuwarden (SG)";"Recreatiewoningen en overige woningen";"aantal";"";"";"";"-";"-";"-";"-";"-";"-";"-";"3";"5";"8";"5";"4"
"300 000 tot 400 000 euro";"Leeuwarden (SG)";"Niet-woningen; gedeeltelijk bewoond";"aantal";"";"";"";"31";"149";"150";"151";"155";"186";"133";"309";"312";"316";"307";"309"
"300 000 tot 400 000 euro";"Leeuwarden (SG)";"Niet-woningen; niet bewoond";"aantal";"";"";"";"213";"267";"281";"304";"303";"399";"406";"425";"461";"479";"475";"452"
"300 000 tot 400 000 euro";"Maastricht (SG)";"Totaal WOZ-objecten";"aantal";"";"";"";"537";"2178";"2226";"2337";"2365";"6703";"6743";"8087";"8949";"9376";"9252";"8762"
"300 000 tot 400 000 euro";"Maastricht (SG)";"WOZ-objecten woningen";"aantal";"";"";"";"113";"1558";"1603";"1710";"1729";"5931";"5988";"7294";"8175";"8613";"8477";"8039"
"300 000 tot 400 000 euro";"Maastricht (SG)";"Recreatiewoningen en overige woningen";"aantal";"";"";"";"-";"-";"1";"2";"1";"4";"4";"6";"4";"5";"2";"4"
"300 000 tot 400 000 euro";"Maastricht (SG)";"Niet-woningen; gedeeltelijk bewoond";"aantal";"";"";"";"116";"237";"237";"234";"224";"262";"229";"255";"229";"224";"229";"213"
"300 000 tot 400 000 euro";"Maastricht (SG)";"Niet-woningen; niet bewoond";"aantal";"";"";"";"308";"383";"385";"391";"411";"506";"522";"532";"541";"534";"544";"506"
"300 000 tot 400 000 euro";"Leeuwarden (GA)";"Totaal WOZ-objecten";"aantal";"";"";"";"162";"332";"358";"383";"402";"1328";"1381";"1790";"1976";"2089";"2107";"2044"
"300 000 tot 400 000 euro";"Leeuwarden (GA)";"WOZ-objecten woningen";"aantal";"";"";"";"-";"105";"121";"132";"158";"987";"1032";"1441";"1613";"1708";"1726";"1692"
"300 000 tot 400 000 euro";"Leeuwarden (GA)";"Recreatiewoningen en overige woningen";"aantal";"";"";"";"-";"-";"-";"-";"-";"-";"-";"-";"1";"1";"1";"1"
"300 000 tot 400 000 euro";"Leeuwarden (GA)";"Niet-woningen; gedeeltelijk bewoond";"aantal";"";"";"";"6";"33";"32";"25";"25";"57";"57";"61";"55";"65";"68";"66"
"300 000 tot 400 000 euro";"Leeuwarden (GA)";"Niet-woningen; niet bewoond";"aantal";"";"";"";"156";"194";"205";"226";"219";"284";"292";"288";"307";"315";"312";"285"
"300 000 tot 400 000 euro";"Maastricht (GA)";"Totaal WOZ-objecten";"aantal";"";"";"";"392";"1160";"1191";"1288";"1297";"3361";"3385";"4136";"4664";"4926";"4785";"4487"
"300 000 tot 400 000 euro";"Maastricht (GA)";"WOZ-objecten woningen";"aantal";"";"";"";"73";"770";"795";"890";"891";"2879";"2901";"3625";"4190";"4451";"4316";"4042"
"300 000 tot 400 000 euro";"Maastricht (GA)";"Recreatiewoningen en overige woningen";"aantal";"";"";"";"-";"-";"1";"2";"1";"2";"2";"2";"1";"3";"-";"2"
"300 000 tot 400 000 euro";"Maastricht (GA)";"Niet-woningen; gedeeltelijk bewoond";"aantal";"";"";"";"76";"110";"112";"108";"97";"110";"107";"132";"101";"99";"97";"95"
"300 000 tot 400 000 euro";"Maastricht (GA)";"Niet-woningen; niet bewoond";"aantal";"";"";"";"243";"280";"283";"288";"308";"370";"375";"377";"372";"373";"372";"348"
"400 000 tot 500 000 euro";"Noord-Nederland (LD)";"Totaal WOZ-objecten";"aantal";"1469";"1511";"1563";"1635";"3353";"3519";"3763";"3913";"13437";"13726";"20132";"25772";"29134";"29715";"28119"
"400 000 tot 500 000 euro";"Noord-Nederland (LD)";"WOZ-objecten woningen";"aantal";"35";"37";"41";"52";"636";"685";"753";"799";"8981";"9231";"14611";"19802";"22831";"23352";"21634"
"400 000 tot 500 000 euro";"Noord-Nederland (LD)";"Recreatiewoningen en overige woningen";"aantal";"6";"6";"6";"8";"19";"19";"21";"21";"331";"340";"556";"618";"640";"653";"654"
"400 000 tot 500 000 euro";"Noord-Nederland (LD)";"Niet-woningen; gedeeltelijk bewoond";"aantal";"94";"97";"114";"135";"732";"781";"850";"887";"1476";"1437";"2093";"2255";"2418";"2446";"2509"
"400 000 tot 500 000 euro";"Noord-Nederland (LD)";"Niet-woningen; niet bewoond";"aantal";"1334";"1371";"1402";"1440";"1966";"2034";"2139";"2206";"2649";"2718";"2872";"3097";"3245";"3264";"3322"
"400 000 tot 500 000 euro";"Oost-Nederland (LD)";"Totaal WOZ-objecten";"aantal";"3754";"3890";"4036";"4278";"14073";"14475";"14975";"15474";"61034";"62031";"76276";"88531";"94854";"96327";"91510"
"400 000 tot 500 000 euro";"Oost-Nederland (LD)";"WOZ-objecten woningen";"aantal";"315";"323";"342";"384";"7423";"7612";"7886";"8225";"51155";"52091";"65507";"77402";"83098";"84436";"79633"
"400 000 tot 500 000 euro";"Oost-Nederland (LD)";"Recreatiewoningen en overige woningen";"aantal";"24";"9";"15";"13";"12";"13";"13";"27";"69";"81";"76";"123";"209";"234";"210"
"400 000 tot 500 000 euro";"Oost-Nederland (LD)";"Niet-woningen; gedeeltelijk bewoond";"aantal";"485";"508";"560";"604";"2097";"2148";"2212";"2298";"4042";"4034";"4475";"4526";"4802";"4938";"4830"
"400 000 tot 500 000 euro";"Oost-Nederland (LD)";"Niet-woningen; niet bewoond";"aantal";"2930";"3050";"3119";"3277";"4541";"4702";"4864";"4924";"5768";"5825";"6218";"6480";"6745";"6719";"6837"
"400 000 tot 500 000 euro";"West-Nederland (LD)";"Totaal WOZ-objecten";"aantal";"13201";"13409";"13680";"13787";"41583";"42600";"43621";"44477";"117315";"119181";"141274";"167214";"187016";"189275";"182149"
"400 000 tot 500 000 euro";"West-Nederland (LD)";"WOZ-objecten woningen";"aantal";"4560";"4588";"4670";"4774";"28169";"28697";"29560";"30301";"99976";"101840";"123083";"148136";"167459";"170139";"163230"
"400 000 tot 500 000 euro";"West-Nederland (LD)";"Recreatiewoningen en overige woningen";"aantal";"56";"46";"52";"50";"143";"150";"148";"153";"411";"417";"616";"798";"920";"1043";"991"
"400 000 tot 500 000 euro";"West-Nederland (LD)";"Niet-woningen; gedeeltelijk bewoond";"aantal";"678";"801";"816";"695";"1858";"1902";"1936";"1975";"3422";"3355";"3304";"3284";"3134";"3309";"3020"
"400 000 tot 500 000 euro";"West-Nederland (LD)";"Niet-woningen; niet bewoond";"aantal";"7907";"7974";"8142";"8268";"11413";"11851";"11977";"12048";"13506";"13569";"14271";"14996";"15503";"14784";"14908"
"400 000 tot 500 000 euro";"Zuid-Nederland (LD)";"Totaal WOZ-objecten";"aantal";"4835";"4979";"5152";"5352";"16437";"16874";"17388";"17810";"66950";"68000";"84964";"98651";"106521";"106629";"100649"
"400 000 tot 500 000 euro";"Zuid-Nederland (LD)";"WOZ-objecten woningen";"aantal";"544";"554";"555";"584";"8896";"9145";"9451";"9724";"55778";"56761";"73324";"87121";"94678";"95117";"88846"
"400 000 tot 500 000 euro";"Zuid-Nederland (LD)";"Recreatiewoningen en overige woningen";"aantal";"14";"12";"13";"12";"24";"23";"26";"25";"99";"102";"145";"191";"188";"200";"198"
"400 000 tot 500 000 euro";"Zuid-Nederland (LD)";"Niet-woningen; gedeeltelijk bewoond";"aantal";"1059";"1064";"1117";"1159";"2640";"2674";"2696";"2724";"4648";"4576";"4586";"4203";"4324";"4037";"4191"
"400 000 tot 500 000 euro";"Zuid-Nederland (LD)";"Niet-woningen; niet bewoond";"aantal";"3218";"3349";"3467";"3597";"4877";"5032";"5215";"5337";"6425";"6561";"6909";"7136";"7331";"7275";"7414"
"400 000 tot 500 000 euro";"Leeuwarden (SG)";"Totaal WOZ-objecten";"aantal";"";"";"";"145";"226";"226";"235";"241";"747";"767";"1179";"1473";"1723";"1817";"1736"
"400 000 tot 500 000 euro";"Leeuwarden (SG)";"WOZ-objecten woningen";"aantal";"";"";"";"2";"14";"16";"18";"20";"458";"489";"813";"1053";"1252";"1356";"1256"
"400 000 tot 500 000 euro";"Leeuwarden (SG)";"Recreatiewoningen en overige woningen";"aantal";"";"";"";"1";"-";"-";"-";"-";"-";"-";"-";"1";"2";"2";"1"
"400 000 tot 500 000 euro";"Leeuwarden (SG)";"Niet-woningen; gedeeltelijk bewoond";"aantal";"";"";"";"10";"45";"46";"44";"45";"63";"53";"114";"140";"159";"163";"172"
"400 000 tot 500 000 euro";"Leeuwarden (SG)";"Niet-woningen; niet bewoond";"aantal";"";"";"";"132";"167";"164";"173";"176";"226";"225";"252";"279";"310";"296";"307"
"400 000 tot 500 000 euro";"Maastricht (SG)";"Totaal WOZ-objecten";"aantal";"";"";"";"274";"666";"679";"696";"704";"2214";"2233";"3064";"3970";"4301";"4253";"3909"
"400 000 tot 500 000 euro";"Maastricht (SG)";"WOZ-objecten woningen";"aantal";"";"";"";"13";"303";"316";"334";"336";"1820";"1841";"2595";"3480";"3763";"3737";"3417"
"400 000 tot 500 000 euro";"Maastricht (SG)";"Recreatiewoningen en overige woningen";"aantal";"";"";"";"1";"1";"1";"3";"2";"2";"2";"3";"3";"1";"-";"1"
"400 000 tot 500 000 euro";"Maastricht (SG)";"Niet-woningen; gedeeltelijk bewoond";"aantal";"";"";"";"81";"100";"101";"102";"85";"110";"97";"110";"119";"144";"138";"135"
"400 000 tot 500 000 euro";"Maastricht (SG)";"Niet-woningen; niet bewoond";"aantal";"";"";"";"179";"262";"261";"257";"281";"282";"293";"356";"368";"393";"378";"356"
"400 000 tot 500 000 euro";"Leeuwarden (GA)";"Totaal WOZ-objecten";"aantal";"";"";"";"111";"127";"126";"132";"137";"461";"482";"672";"777";"847";"931";"903"
"400 000 tot 500 000 euro";"Leeuwarden (GA)";"WOZ-objecten woningen";"aantal";"";"";"";"-";"10";"10";"11";"13";"268";"293";"460";"535";"576";"682";"649"
"400 000 tot 500 000 euro";"Leeuwarden (GA)";"Recreatiewoningen en overige woningen";"aantal";"";"";"";"1";"-";"-";"-";"-";"-";"-";"-";"-";"-";"-";"-"
"400 000 tot 500 000 euro";"Leeuwarden (GA)";"Niet-woningen; gedeeltelijk bewoond";"aantal";"";"";"";"1";"3";"3";"2";"4";"27";"23";"32";"40";"41";"36";"31"
"400 000 tot 500 000 euro";"Leeuwarden (GA)";"Niet-woningen; niet bewoond";"aantal";"";"";"";"109";"114";"113";"119";"120";"166";"166";"180";"202";"230";"213";"223"
"400 000 tot 500 000 euro";"Maastricht (GA)";"Totaal WOZ-objecten";"aantal";"";"";"";"205";"477";"487";"500";"506";"1243";"1242";"1488";"2014";"2154";"2173";"2100"
"400 000 tot 500 000 euro";"Maastricht (GA)";"WOZ-objecten woningen";"aantal";"";"";"";"8";"222";"233";"248";"251";"966";"962";"1163";"1683";"1799";"1837";"1770"
"400 000 tot 500 000 euro";"Maastricht (GA)";"Recreatiewoningen en overige woningen";"aantal";"";"";"";"1";"-";"-";"2";"1";"2";"2";"2";"2";"1";"-";"1"
"400 000 tot 500 000 euro";"Maastricht (GA)";"Niet-woningen; gedeeltelijk bewoond";"aantal";"";"";"";"66";"60";"59";"59";"39";"51";"52";"55";"60";"71";"57";"56"
"400 000 tot 500 000 euro";"Maastricht (GA)";"Niet-woningen; niet bewoond";"aantal";"";"";"";"130";"195";"195";"191";"215";"224";"226";"268";"269";"283";"279";"273"
"500 000 tot 1 000 000 euro";"Noord-Nederland (LD)";"Totaal WOZ-objecten";"aantal";"2627";"2702";"2803";"2907";"4742";"4931";"5199";"5391";"10184";"10378";"14228";"18180";"21246";"22384";"21918"
"500 000 tot 1 000 000 euro";"Noord-Nederland (LD)";"WOZ-objecten woningen";"aantal";"29";"26";"33";"36";"236";"248";"273";"301";"3595";"3709";"6309";"9312";"11460";"12152";"11439"
"500 000 tot 1 000 000 euro";"Noord-Nederland (LD)";"Recreatiewoningen en overige woningen";"aantal";"8";"6";"5";"6";"15";"15";"17";"15";"96";"98";"250";"397";"499";"518";"527"
"500 000 tot 1 000 000 euro";"Noord-Nederland (LD)";"Niet-woningen; gedeeltelijk bewoond";"aantal";"62";"72";"87";"103";"549";"593";"652";"713";"1145";"1129";"1784";"2165";"2594";"2943";"3152"
"500 000 tot 1 000 000 euro";"Noord-Nederland (LD)";"Niet-woningen; niet bewoond";"aantal";"2528";"2598";"2678";"2762";"3942";"4075";"4257";"4362";"5348";"5442";"5885";"6306";"6693";"6771";"6800"
"500 000 tot 1 000 000 euro";"Oost-Nederland (LD)";"Totaal WOZ-objecten";"aantal";"6672";"6932";"7190";"7486";"14414";"14947";"15607";"16186";"45157";"46067";"59182";"73587";"83236";"86591";"81289"
"500 000 tot 1 000 000 euro";"Oost-Nederland (LD)";"WOZ-objecten woningen";"aantal";"139";"132";"136";"144";"3087";"3150";"3298";"3455";"28458";"29079";"40570";"53659";"61946";"64409";"58979"
"500 000 tot 1 000 000 euro";"Oost-Nederland (LD)";"Recreatiewoningen en overige woningen";"aantal";"37";"22";"30";"27";"22";"21";"17";"38";"41";"51";"43";"66";"90";"60";"62"
"500 000 tot 1 000 000 euro";"Oost-Nederland (LD)";"Niet-woningen; gedeeltelijk bewoond";"aantal";"319";"364";"415";"446";"1544";"1626";"1755";"1863";"3287";"3366";"4117";"4692";"5595";"6462";"6701"
"500 000 tot 1 000 000 euro";"Oost-Nederland (LD)";"Niet-woningen; niet bewoond";"aantal";"6177";"6414";"6609";"6869";"9761";"10150";"10537";"10830";"13371";"13571";"14452";"15170";"15605";"15660";"15547"
"500 000 tot 1 000 000 euro";"West-Nederland (LD)";"Totaal WOZ-objecten";"aantal";"20450";"20971";"21371";"21557";"49849";"51217";"52232";"53086";"133787";"135635";"161164";"197630";"224057";"227610";"217857"
"500 000 tot 1 000 000 euro";"West-Nederland (LD)";"WOZ-objecten woningen";"aantal";"2548";"2563";"2614";"2681";"23396";"23726";"24257";"24846";"98384";"99876";"123483";"157862";"183110";"188150";"178658"
"500 000 tot 1 000 000 euro";"West-Nederland (LD)";"Recreatiewoningen en overige woningen";"aantal";"114";"74";"70";"68";"149";"137";"126";"137";"402";"411";"527";"756";"840";"911";"802"
"500 000 tot 1 000 000 euro";"West-Nederland (LD)";"Niet-woningen; gedeeltelijk bewoond";"aantal";"730";"914";"968";"680";"1745";"1745";"1741";"1793";"3947";"3955";"4025";"4273";"4316";"4718";"4381"
"500 000 tot 1 000 000 euro";"West-Nederland (LD)";"Niet-woningen; niet bewoond";"aantal";"17058";"17420";"17719";"18128";"24559";"25609";"26108";"26310";"31054";"31393";"33129";"34739";"35791";"33831";"34016"
"500 000 tot 1 000 000 euro";"Zuid-Nederland (LD)";"Totaal WOZ-objecten";"aantal";"7979";"8331";"8738";"9151";"17421";"17921";"18441";"18875";"55510";"56289";"73667";"89698";"101377";"103094";"96275"
"500 000 tot 1 000 000 euro";"Zuid-Nederland (LD)";"WOZ-objecten woningen";"aantal";"271";"278";"288";"297";"4131";"4244";"4440";"4606";"36709";"37244";"52382";"67694";"77924";"79732";"72452"
"500 000 tot 1 000 000 euro";"Zuid-Nederland (LD)";"Recreatiewoningen en overige woningen";"aantal";"33";"25";"24";"19";"22";"20";"31";"37";"91";"89";"132";"179";"189";"189";"185"
"500 000 tot 1 000 000 euro";"Zuid-Nederland (LD)";"Niet-woningen; gedeeltelijk bewoond";"aantal";"840";"928";"972";"1059";"2186";"2223";"2314";"2328";"4616";"4651";"5870";"5740";"6653";"6702";"7002"
"500 000 tot 1 000 000 euro";"Zuid-Nederland (LD)";"Niet-woningen; niet bewoond";"aantal";"6835";"7100";"7454";"7776";"11082";"11434";"11656";"11904";"14094";"14305";"15283";"16085";"16611";"16471";"16636"
"500 000 tot 1 000 000 euro";"Leeuwarden (SG)";"Totaal WOZ-objecten";"aantal";"";"";"";"273";"414";"418";"437";"451";"661";"663";"913";"1091";"1248";"1432";"1446"
"500 000 tot 1 000 000 euro";"Leeuwarden (SG)";"WOZ-objecten woningen";"aantal";"";"";"";"2";"6";"5";"6";"7";"108";"123";"261";"392";"503";"625";"608"
"500 000 tot 1 000 000 euro";"Leeuwarden (SG)";"Recreatiewoningen en overige woningen";"aantal";"";"";"";"-";"1";"1";"1";"1";"-";"-";"-";"-";"1";"1";"2"
"500 000 tot 1 000 000 euro";"Leeuwarden (SG)";"Niet-woningen; gedeeltelijk bewoond";"aantal";"";"";"";"6";"32";"33";"35";"40";"38";"34";"104";"130";"161";"183";"204"
"500 000 tot 1 000 000 euro";"Leeuwarden (SG)";"Niet-woningen; niet bewoond";"aantal";"";"";"";"265";"375";"379";"395";"403";"515";"506";"548";"569";"583";"623";"632"
"500 000 tot 1 000 000 euro";"Maastricht (SG)";"Totaal WOZ-objecten";"aantal";"";"";"";"483";"825";"830";"864";"886";"2005";"2023";"2741";"3340";"3696";"3804";"3624"
"500 000 tot 1 000 000 euro";"Maastricht (SG)";"WOZ-objecten woningen";"aantal";"";"";"";"12";"113";"113";"140";"147";"1202";"1228";"1858";"2379";"2725";"2771";"2585"
"500 000 tot 1 000 000 euro";"Maastricht (SG)";"Recreatiewoningen en overige woningen";"aantal";"";"";"";"2";"5";"5";"7";"4";"7";"7";"5";"5";"6";"3";"5"
"500 000 tot 1 000 000 euro";"Maastricht (SG)";"Niet-woningen; gedeeltelijk bewoond";"aantal";"";"";"";"104";"178";"178";"179";"91";"115";"105";"144";"168";"164";"185";"193"
"500 000 tot 1 000 000 euro";"Maastricht (SG)";"Niet-woningen; niet bewoond";"aantal";"";"";"";"365";"529";"534";"538";"644";"681";"683";"734";"788";"801";"845";"841"
"500 000 tot 1 000 000 euro";"Leeuwarden (GA)";"Totaal WOZ-objecten";"aantal";"";"";"";"213";"313";"318";"333";"335";"490";"492";"641";"734";"801";"929";"931"
"500 000 tot 1 000 000 euro";"Leeuwarden (GA)";"WOZ-objecten woningen";"aantal";"";"";"";"1";"-";"1";"2";"2";"63";"70";"171";"243";"297";"395";"395"
"500 000 tot 1 000 000 euro";"Leeuwarden (GA)";"Recreatiewoningen en overige woningen";"aantal";"";"";"";"-";"1";"1";"1";"1";"-";"-";"-";"-";"-";"-";"-"
"500 000 tot 1 000 000 euro";"Leeuwarden (GA)";"Niet-woningen; gedeeltelijk bewoond";"aantal";"";"";"";"2";"6";"6";"7";"8";"15";"15";"33";"38";"44";"48";"51"
"500 000 tot 1 000 000 euro";"Leeuwarden (GA)";"Niet-woningen; niet bewoond";"aantal";"";"";"";"210";"306";"310";"323";"324";"412";"407";"437";"453";"460";"486";"485"
"500 000 tot 1 000 000 euro";"Maastricht (GA)";"Totaal WOZ-objecten";"aantal";"";"";"";"381";"633";"637";"663";"679";"1404";"1418";"1783";"2123";"2248";"2375";"2335"
"500 000 tot 1 000 000 euro";"Maastricht (GA)";"WOZ-objecten woningen";"aantal";"";"";"";"7";"87";"87";"112";"116";"821";"831";"1130";"1416";"1545";"1634";"1603"
"500 000 tot 1 000 000 euro";"Maastricht (GA)";"Recreatiewoningen en overige woningen";"aantal";"";"";"";"1";"3";"3";"5";"2";"4";"4";"4";"3";"4";"1";"3"
"500 000 tot 1 000 000 euro";"Maastricht (GA)";"Niet-woningen; gedeeltelijk bewoond";"aantal";"";"";"";"93";"142";"140";"141";"53";"68";"69";"84";"94";"85";"93";"91"
"500 000 tot 1 000 000 euro";"Maastricht (GA)";"Niet-woningen; niet bewoond";"aantal";"";"";"";"280";"401";"407";"405";"508";"511";"514";"565";"610";"614";"647";"638"
"1 000 000 euro en meer";"Noord-Nederland (LD)";"Totaal WOZ-objecten";"aantal";"2115";"2217";"2296";"2383";"3097";"3216";"3331";"3428";"4197";"4320";"4846";"5325";"5946";"6103";"6211"
"1 000 000 euro en meer";"Noord-Nederland (LD)";"WOZ-objecten woningen";"aantal";"13";"18";"18";"10";"11";"9";"12";"11";"76";"88";"153";"229";"289";"321";"297"
"1 000 000 euro en meer";"Noord-Nederland (LD)";"Recreatiewoningen en overige woningen";"aantal";"19";"11";"10";"10";"4";"4";"4";"6";"14";"17";"9";"15";"17";"17";"25"
"1 000 000 euro en meer";"Noord-Nederland (LD)";"Niet-woningen; gedeeltelijk bewoond";"aantal";"19";"33";"35";"42";"67";"64";"74";"82";"106";"108";"195";"239";"332";"360";"422"
"1 000 000 euro en meer";"Noord-Nederland (LD)";"Niet-woningen; niet bewoond";"aantal";"2064";"2155";"2233";"2321";"3015";"3139";"3241";"3329";"4001";"4107";"4489";"4842";"5308";"5405";"5467"
"1 000 000 euro en meer";"Oost-Nederland (LD)";"Totaal WOZ-objecten";"aantal";"4597";"4885";"5077";"5361";"7544";"7917";"8315";"8627";"11761";"12106";"13552";"15136";"16707";"17007";"16860"
"1 000 000 euro en meer";"Oost-Nederland (LD)";"WOZ-objecten woningen";"aantal";"35";"19";"13";"22";"86";"87";"100";"98";"771";"806";"1155";"1753";"2297";"2429";"2173"
"1 000 000 euro en meer";"Oost-Nederland (LD)";"Recreatiewoningen en overige woningen";"aantal";"60";"40";"48";"46";"34";"33";"24";"27";"31";"33";"32";"34";"63";"38";"43"
"1 000 000 euro en meer";"Oost-Nederland (LD)";"Niet-woningen; gedeeltelijk bewoond";"aantal";"83";"73";"69";"77";"172";"184";"209";"215";"388";"434";"516";"592";"737";"892";"1001"
"1 000 000 euro en meer";"Oost-Nederland (LD)";"Niet-woningen; niet bewoond";"aantal";"4419";"4753";"4947";"5216";"7252";"7613";"7982";"8287";"10571";"10833";"11849";"12757";"13610";"13648";"13643"
"1 000 000 euro en meer";"West-Nederland (LD)";"Totaal WOZ-objecten";"aantal";"15487";"15944";"16433";"16941";"25206";"26554";"27370";"28074";"42783";"43265";"48259";"55705";"61572";"59937";"57952"
"1 000 000 euro en meer";"West-Nederland (LD)";"WOZ-objecten woningen";"aantal";"217";"183";"187";"185";"2656";"2670";"2716";"2779";"11633";"11740";"14821";"20053";"24170";"24852";"22863"
"1 000 000 euro en meer";"West-Nederland (LD)";"Recreatiewoningen en overige woningen";"aantal";"193";"116";"118";"117";"129";"112";"114";"124";"173";"187";"274";"327";"321";"311";"237"
"1 000 000 euro en meer";"West-Nederland (LD)";"Niet-woningen; gedeeltelijk bewoond";"aantal";"157";"267";"310";"233";"367";"379";"371";"371";"578";"593";"659";"763";"785";"874";"857"
"1 000 000 euro en meer";"West-Nederland (LD)";"Niet-woningen; niet bewoond";"aantal";"14920";"15378";"15818";"16406";"22054";"23393";"24169";"24800";"30399";"30745";"32505";"34562";"36296";"33900";"33995"
"1 000 000 euro en meer";"Zuid-Nederland (LD)";"Totaal WOZ-objecten";"aantal";"5822";"6093";"6349";"6682";"9445";"9800";"10182";"10590";"14655";"14987";"17068";"18754";"20574";"20687";"20971"
"1 000 000 euro en meer";"Zuid-Nederland (LD)";"WOZ-objecten woningen";"aantal";"49";"43";"44";"36";"134";"142";"153";"161";"1157";"1195";"1952";"2724";"3372";"3606";"3353"
"1 000 000 euro en meer";"Zuid-Nederland (LD)";"Recreatiewoningen en overige woningen";"aantal";"40";"32";"39";"36";"24";"24";"50";"43";"51";"50";"33";"33";"34";"27";"20"
"1 000 000 euro en meer";"Zuid-Nederland (LD)";"Niet-woningen; gedeeltelijk bewoond";"aantal";"197";"270";"265";"277";"346";"342";"336";"322";"501";"512";"742";"781";"1030";"1176";"1345"
"1 000 000 euro en meer";"Zuid-Nederland (LD)";"Niet-woningen; niet bewoond";"aantal";"5536";"5748";"6001";"6333";"8941";"9292";"9643";"10064";"12946";"13230";"14341";"15216";"16138";"15878";"16253"
"1 000 000 euro en meer";"Leeuwarden (SG)";"Totaal WOZ-objecten";"aantal";"";"";"";"272";"330";"338";"358";"359";"436";"447";"529";"569";"608";"640";"634"
"1 000 000 euro en meer";"Leeuwarden (SG)";"WOZ-objecten woningen";"aantal";"";"";"";"2";"-";"-";"-";"-";"4";"5";"10";"9";"10";"12";"7"
"1 000 000 euro en meer";"Leeuwarden (SG)";"Recreatiewoningen en overige woningen";"aantal";"";"";"";"-";"-";"-";"-";"-";"-";"-";"-";"-";"-";"-";"-"
"1 000 000 euro en meer";"Leeuwarden (SG)";"Niet-woningen; gedeeltelijk bewoond";"aantal";"";"";"";"5";"10";"7";"8";"8";"7";"4";"10";"10";"13";"12";"19"
"1 000 000 euro en meer";"Leeuwarden (SG)";"Niet-woningen; niet bewoond";"aantal";"";"";"";"265";"320";"331";"350";"351";"425";"438";"509";"550";"585";"616";"608"
"1 000 000 euro en meer";"Maastricht (SG)";"Totaal WOZ-objecten";"aantal";"";"";"";"427";"555";"577";"588";"600";"755";"774";"882";"995";"1079";"1111";"1126"
"1 000 000 euro en meer";"Maastricht (SG)";"WOZ-objecten woningen";"aantal";"";"";"";"2";"8";"11";"10";"11";"22";"26";"30";"82";"115";"124";"143"
"1 000 000 euro en meer";"Maastricht (SG)";"Recreatiewoningen en overige woningen";"aantal";"";"";"";"9";"5";"6";"12";"1";"1";"-";"-";"-";"-";"-";"-"
"1 000 000 euro en meer";"Maastricht (SG)";"Niet-woningen; gedeeltelijk bewoond";"aantal";"";"";"";"42";"74";"73";"71";"15";"16";"14";"25";"32";"38";"47";"42"
"1 000 000 euro en meer";"Maastricht (SG)";"Niet-woningen; niet bewoond";"aantal";"";"";"";"374";"468";"487";"495";"573";"716";"734";"827";"881";"926";"940";"941"
"1 000 000 euro en meer";"Leeuwarden (GA)";"Totaal WOZ-objecten";"aantal";"";"";"";"232";"277";"283";"300";"301";"363";"372";"442";"476";"507";"536";"523"
"1 000 000 euro en meer";"Leeuwarden (GA)";"WOZ-objecten woningen";"aantal";"";"";"";"1";"-";"-";"-";"-";"3";"4";"4";"4";"4";"8";"3"
"1 000 000 euro en meer";"Leeuwarden (GA)";"Recreatiewoningen en overige woningen";"aantal";"";"";"";"-";"-";"-";"-";"-";"-";"-";"-";"-";"-";"-";"-"
"1 000 000 euro en meer";"Leeuwarden (GA)";"Niet-woningen; gedeeltelijk bewoond";"aantal";"";"";"";"4";"4";"1";"2";"2";"1";"1";"2";"2";"3";"2";"2"
"1 000 000 euro en meer";"Leeuwarden (GA)";"Niet-woningen; niet bewoond";"aantal";"";"";"";"227";"273";"282";"298";"299";"359";"367";"436";"470";"500";"526";"518"
"1 000 000 euro en meer";"Maastricht (GA)";"Totaal WOZ-objecten";"aantal";"";"";"";"358";"458";"474";"487";"497";"630";"654";"743";"839";"907";"922";"925"
"1 000 000 euro en meer";"Maastricht (GA)";"WOZ-objecten woningen";"aantal";"";"";"";"2";"6";"8";"7";"8";"15";"20";"22";"68";"93";"97";"110"
"1 000 000 euro en meer";"Maastricht (GA)";"Recreatiewoningen en overige woningen";"aantal";"";"";"";"7";"4";"5";"11";"-";"1";"-";"-";"-";"-";"-";"-"
"1 000 000 euro en meer";"Maastricht (GA)";"Niet-woningen; gedeeltelijk bewoond";"aantal";"";"";"";"40";"68";"68";"66";"10";"13";"12";"20";"24";"27";"26";"23"
"1 000 000 euro en meer";"Maastricht (GA)";"Niet-woningen; niet bewoond";"aantal";"";"";"";"309";"380";"393";"403";"479";"601";"622";"701";"747";"787";"799";"792"
"Bron: CBS"
